ofs,nom,district,note_pouvoir_achat,note_population,note_tension_ems,indice_pouvoir_achat,pop_80plus,pop_zone_80plus,part_80plus,dist_ems_km,lits_pour_100_district,prix_m2_appart,prix_fiabilite
5401,Aigle,Aigle,1.42,1.72,0.06,28.3,589.0,1346,5.0,0.57,23.7,6970.0,indicative (1-4)
5404,Corbeyrier,Aigle,1.19,2.83,0.42,23.8,53.0,3802,11.7,3.81,23.7,9277.0,indicative (1-4)
5405,Gryon,Aigle,1.12,1.62,0.36,22.4,84.0,1224,5.5,3.31,23.7,9200.0,indicative (1-4)
5423,Ballens,Morges,1.54,2.09,4.19,30.9,32.0,1913,5.5,4.02,8.8,9944.0,indicative (1-4)
5557,Fontaines-sur-Grandson,Jura-Nord vaudois,1.04,2.55,1.86,20.8,7.0,2944,3.2,1.63,17.0,7977.0,estimé (voisinage)
5588,Paudex,Lavaux-Oron,2.24,4.3,3.99,44.7,99.0,15158,6.6,3.37,9.3,12542.0,indicative (1-4)
5645,Romanel-sur-Morges,Morges,3.08,3.73,4.1,61.6,26.0,8879,5.7,3.19,8.8,4887.0,annonces (surface estimée)
5704,Begnins,Nyon,2.7,2.95,3.56,54.0,172.0,4273,8.5,3.34,11.0,9336.0,annonces (surface estimée)
5717,Founex,Nyon,3.18,3.1,3.76,63.6,166.0,4932,4.4,5.11,11.0,12190.0,indicative (1-4)
5792,Montpreveyres,Lavaux-Oron,1.65,3.99,3.97,33.0,19.0,11306,2.9,3.15,9.3,7567.0,estimé (voisinage)
5822,Payerne,Broye-Vully,1.18,2.32,2.42,23.7,502.0,2368,4.7,6.66,17.0,8688.0,solide (5+)
5855,Dully,Nyon,3.85,2.85,3.53,77.1,27.0,3885,4.4,3.07,11.0,21429.0,annonces (surface estimée)
5882,Chardonne,Riviera-Pays-d'Enhaut,2.22,3.58,1.76,44.4,244.0,7679,7.3,1.62,17.4,13634.0,solide (5+)
2129,Corbières,La Gruyère,2.16,2.48,1.1,43.2,27.0,2739,2.6,1.55,20.0,,
2196,Fribourg,La Sarine,1.18,3.39,1.16,23.7,2171.0,6452,5.5,0.0,19.1,,
2220,Le Mouret,La Sarine,1.4,3.07,1.38,27.9,142.0,4790,4.2,2.0,19.1,,
2254,Courtepin,See,1.62,3.33,2.19,32.4,192.0,6087,3.3,0.3,15.1,,
2261,Greng,See,5.0,2.36,2.54,100.0,8.0,2448,4.5,3.5,15.1,,
5726,La Rippe,Nyon,3.04,2.39,4.15,60.8,43.0,2527,3.6,8.75,11.0,11869.0,estimé (voisinage)
5812,Champtauroz,Broye-Vully,1.23,2.0,2.21,24.5,8.0,1752,4.1,4.82,17.0,8443.0,indicative (1-4)
5821,Missy,Broye-Vully,1.44,2.07,2.16,28.8,21.0,1876,5.5,4.35,17.0,5493.0,estimé (voisinage)
6628,Lancy,Genève,1.01,4.95,2.9,20.1,1942.0,27696,5.2,0.55,12.4,13844.0,solide (5+)
5434,Saint-George,Nyon,2.2,1.95,4.03,44.1,43.0,1674,4.0,7.62,11.0,10063.0,annonces (surface estimée)
5499,Senarclens,Morges,1.94,2.97,4.0,38.8,25.0,4342,5.2,2.3,8.8,9052.0,estimé (voisinage)
5640,Lussy-sur-Morges,Morges,3.24,3.21,4.2,64.7,58.0,5447,8.1,4.18,8.8,12914.0,estimé (voisinage)
5656,Hautemorges,Morges,2.14,2.98,3.88,42.7,212.0,4369,4.8,1.23,8.8,8525.0,indicative (1-4)
2198,Granges-Paccot,La Sarine,2.08,3.41,1.33,41.7,105.0,6579,2.6,1.56,19.1,,
2211,Neyruz (FR),La Sarine,1.86,3.24,1.27,37.3,97.0,5601,3.4,1.0,19.1,,
2325,Châtel-Saint-Denis,La Veveyse,1.5,2.96,1.44,29.9,322.0,4318,3.7,3.7,19.6,,
2125,Bulle,La Gruyère,1.66,2.36,1.16,33.1,1224.0,2462,4.5,2.03,20.0,,
2250,Courgevaux,See,1.99,2.65,2.64,39.8,61.0,3224,4.2,4.37,15.1,,
5473,Boussens,Gros-de-Vaud,3.01,4.28,2.62,60.3,22.0,14899,2.2,1.67,14.0,17182.0,indicative (1-4)
5553,Champagne,Jura-Nord vaudois,2.28,2.52,2.0,45.7,32.0,2862,3.0,2.92,17.0,7097.0,indicative (1-4)
5562,Mauborget,Jura-Nord vaudois,0.97,1.07,1.91,19.3,10.0,732,6.9,2.11,17.0,7977.0,estimé (voisinage)
5564,Novalles,Jura-Nord vaudois,1.81,2.59,1.79,36.1,5.0,3037,4.7,0.97,17.0,8333.0,estimé (voisinage)
5607,Puidoux,Lavaux-Oron,1.82,3.49,3.8,36.5,101.0,7079,3.4,1.58,9.3,24468.0,indicative (1-4)
5705,Bogis-Bossey,Nyon,2.42,2.94,3.85,48.4,32.0,4228,3.2,6.01,11.0,11869.0,estimé (voisinage)
5742,Agiez,Jura-Nord vaudois,1.44,1.85,1.94,28.9,9.0,1523,2.4,2.39,17.0,6832.0,estimé (voisinage)
5843,Rougemont,Riviera-Pays-d'Enhaut,0.62,0.37,2.33,12.5,75.0,381,9.2,6.78,17.4,7828.0,estimé (voisinage)
5852,Bursinel,Nyon,2.86,2.81,3.57,57.2,18.0,3757,3.4,3.44,11.0,14495.0,indicative (1-4)
5858,Luins,Nyon,3.35,2.89,3.47,67.1,20.0,4017,3.2,2.52,11.0,4805.0,indicative (1-4)
5883,Corseaux,Riviera-Pays-d'Enhaut,2.5,3.39,1.86,49.9,211.0,6437,9.1,2.52,17.4,11439.0,indicative (1-4)
6612,Chêne-Bougeries,Genève,2.36,4.94,2.88,47.3,1174.0,27496,8.2,0.36,12.4,21255.0,solide (5+)
6613,Chêne-Bourg,Genève,0.78,4.92,2.91,15.7,449.0,26900,4.7,0.62,12.4,15826.0,indicative (1-4)
6614,Choulex,Genève,2.57,4.71,3.13,51.4,75.0,22202,6.1,2.64,12.4,16733.0,annonces (surface estimée)
6621,Genève,Genève,0.78,4.98,2.89,15.5,11144.0,28658,5.3,0.44,12.4,16812.0,solide (5+)
6644,Versoix,Genève,0.85,4.56,2.92,17.0,757.0,19373,5.4,0.71,12.4,13734.0,solide (5+)
5482,Eclépens,Morges,3.7,2.56,3.99,73.9,53.0,2963,4.4,2.15,8.8,6086.0,estimé (voisinage)
5565,Onnens (VD),Jura-Nord vaudois,2.22,2.52,1.84,44.5,24.0,2842,4.7,1.35,17.0,5336.0,indicative (1-4)
5601,Chexbres,Lavaux-Oron,2.08,3.49,3.68,41.5,232.0,7079,10.3,0.54,9.3,14645.0,indicative (1-4)
5633,Echandens,Morges,2.76,4.37,3.82,55.1,216.0,16137,7.2,0.68,8.8,13381.0,annonces (surface estimée)
5715,Duillier,Nyon,2.72,2.9,3.4,54.4,45.0,4065,3.9,1.88,11.0,8278.0,indicative (1-4)
5719,Gingins,Nyon,2.87,2.44,4.06,57.4,77.0,2633,6.1,7.92,11.0,12180.0,annonces (surface estimée)
5748,Bretonnières,Jura-Nord vaudois,2.0,1.86,2.26,40.0,11.0,1540,4.2,5.26,17.0,6832.0,estimé (voisinage)
5761,Romainmôtier-Envy,Jura-Nord vaudois,0.62,2.14,2.28,12.4,25.0,2002,4.5,5.41,17.0,6086.0,estimé (voisinage)
5804,Jorat-Menthue,Gros-de-Vaud,2.1,2.36,3.1,42.1,74.0,2447,4.7,6.02,14.0,7118.0,solide (5+)
5863,Vinzel,Nyon,2.78,2.87,3.58,55.5,9.0,3958,2.3,3.5,11.0,9336.0,estimé (voisinage)
5905,Champvent,Jura-Nord vaudois,1.82,2.79,2.09,36.5,28.0,3681,3.9,3.69,17.0,5986.0,annonces (surface estimée)
5910,Cronay,Jura-Nord vaudois,1.68,2.64,2.08,33.6,19.0,3188,4.5,3.54,17.0,6714.0,solide (5+)
6631,Onex,Genève,0.39,4.92,2.88,7.8,1433.0,26985,7.6,0.28,12.4,12391.0,indicative (1-4)
2016,Fétigny,La Broye,1.44,2.34,2.79,28.9,42.0,2402,3.3,4.36,14.5,,
2025,Lully (FR),La Broye,1.7,2.2,2.58,34.1,44.0,2110,3.6,2.46,14.5,,
2131,Echarlens,La Gruyère,2.06,2.52,1.13,41.2,34.0,2863,4.0,1.83,20.0,,
2208,Matran,La Sarine,2.16,3.27,1.33,43.1,57.0,5784,3.0,1.6,19.1,,
2230,Villarsel-sur-Marly,La Sarine,1.23,3.38,1.35,24.6,0.0,6372,0.0,1.78,19.1,,
2265,Kerzers,See,1.86,1.81,2.4,37.3,225.0,1465,4.1,2.15,15.1,,
2011,Cugy (FR),La Broye,1.38,2.17,2.81,27.7,86.0,2051,4.2,4.52,14.5,,
2114,Villorsonnens,La Glâne,1.46,2.11,1.42,29.3,72.0,1935,4.7,4.88,20.2,,
2140,Marsens,La Gruyère,2.01,2.5,1.01,40.2,65.0,2804,3.1,0.69,20.0,,
2175,Belfaux,La Sarine,1.52,3.38,1.52,30.4,145.0,6364,4.2,3.26,19.1,,
2262,Gurmels,See,2.0,2.73,2.28,39.9,189.0,3475,4.0,1.08,15.1,,
5497,Pompaples,Morges,1.86,2.32,4.04,37.1,37.0,2362,4.0,2.71,8.8,6086.0,estimé (voisinage)
5516,Cugy (VD),Gros-de-Vaud,1.64,4.43,2.68,32.8,143.0,17027,5.1,2.25,14.0,6709.0,indicative (1-4)
5537,Villars-le-Terroir,Gros-de-Vaud,1.76,2.32,2.62,35.1,59.0,2353,4.5,1.67,14.0,7259.0,estimé (voisinage)
5665,Chavannes-sur-Moudon,Broye-Vully,1.74,2.12,1.79,34.7,14.0,1958,6.1,0.96,17.0,4590.0,indicative (1-4)
5713,Crans (VD),Nyon,3.52,3.09,3.5,70.4,140.0,4867,5.7,2.78,11.0,11124.0,indicative (1-4)
5827,Trey,Broye-Vully,1.38,2.43,2.04,27.6,11.0,2615,3.5,3.24,17.0,5949.0,indicative (1-4)
5857,Gilly,Nyon,3.22,2.57,3.34,64.3,51.0,2995,3.5,1.26,11.0,13875.0,indicative (1-4)
5886,Montreux,Riviera-Pays-d'Enhaut,1.5,3.39,1.78,30.1,1976.0,6473,7.3,1.75,17.4,11721.0,solide (5+)
5924,Orges,Jura-Nord vaudois,1.6,2.74,1.9,32.1,12.0,3506,2.8,1.98,17.0,6213.0,annonces (surface estimée)
6632,Perly-Certoux,Genève,1.78,4.87,3.02,35.5,184.0,25867,5.6,1.61,12.4,10543.0,indicative (1-4)
6638,Satigny,Genève,1.96,4.73,2.87,39.3,239.0,22690,5.1,0.22,12.4,10755.0,solide (5+)
2121,Haut-Intyamon,La Gruyère,0.68,1.84,1.5,13.5,89.0,1504,5.0,5.27,20.0,,
2197,Givisiez,La Sarine,2.14,3.34,1.18,42.8,110.0,6141,3.2,0.2,19.1,,
2299,Plaffeien,Sense,0.91,0.76,2.97,18.2,245.0,545,6.6,5.75,14.4,,
2029,Montagny (FR),La Broye,1.39,2.44,3.08,27.8,118.0,2648,3.9,7.04,14.5,,
2079,Grangettes,La Glâne,1.33,2.56,1.52,26.6,3.0,2953,1.4,5.83,20.2,,
2138,Jaun,La Gruyère,0.55,0.0,1.86,11.0,53.0,268,8.1,8.55,20.0,,
2295,Bösingen,Sense,2.04,2.62,2.88,40.7,170.0,3127,5.1,4.88,14.4,,
5413,Roche (VD),Aigle,1.53,2.7,0.52,30.6,69.0,3364,3.5,4.7,23.7,6825.0,indicative (1-4)
5428,Gimel,Morges,1.36,1.97,4.5,27.3,114.0,1707,4.6,6.93,8.8,7726.0,indicative (1-4)
5429,Longirod,Nyon,1.65,2.07,3.9,33.0,23.0,1877,4.1,6.38,11.0,9400.0,indicative (1-4)
5456,Cudrefin,Broye-Vully,2.82,1.55,2.38,56.3,81.0,1145,4.3,6.36,17.0,8730.0,indicative (1-4)
5476,Chevilly,Morges,2.57,1.98,4.08,51.4,10.0,1713,2.9,3.02,8.8,6353.0,estimé (voisinage)
5481,Dizy,Morges,1.66,2.5,4.02,33.1,8.0,2798,3.4,2.47,8.8,7759.0,estimé (voisinage)
5503,Vufflens-la-Ville,Gros-de-Vaud,2.61,4.35,2.72,52.2,63.0,15792,4.7,2.6,14.0,9801.0,indicative (1-4)
5515,Bretigny-sur-Morrens,Gros-de-Vaud,1.74,4.2,2.88,34.8,22.0,13817,2.4,4.05,14.0,6946.0,estimé (voisinage)
5533,Poliez-Pittet,Gros-de-Vaud,2.0,2.85,2.95,39.9,47.0,3887,5.5,4.65,14.0,5267.0,indicative (1-4)
5552,Bullet,Jura-Nord vaudois,1.2,2.54,2.11,24.0,56.0,2912,8.2,3.86,17.0,9047.0,indicative (1-4)
5584,Epalinges,Lausanne,2.42,4.39,2.09,48.5,566.0,16453,5.7,0.49,15.6,11155.0,solide (5+)
5606,Lutry,Lavaux-Oron,3.36,4.26,3.83,67.3,871.0,14594,8.1,1.9,9.3,14210.0,solide (5+)
5643,Préverenges,Morges,2.32,4.25,4.12,46.4,326.0,14442,6.2,3.43,8.8,11409.0,solide (5+)
5744,Ballaigues,Jura-Nord vaudois,1.67,0.95,2.77,33.4,92.0,656,7.6,9.94,17.0,6253.0,estimé (voisinage)
5752,Croy,Jura-Nord vaudois,1.31,2.19,2.14,26.2,44.0,2094,10.9,4.1,17.0,6086.0,estimé (voisinage)
5806,Jorat-Mézières,Lavaux-Oron,1.89,2.39,3.76,37.7,129.0,2533,4.0,1.29,9.3,9117.0,annonces (surface estimée)
6617,Cologny,Genève,3.59,4.98,3.06,71.8,457.0,28582,7.6,1.99,12.4,22270.0,solide (5+)
6634,Pregny-Chambésy,Genève,2.38,5.0,2.99,47.6,260.0,29126,6.1,1.29,12.4,12539.0,indicative (1-4)
2051,Delley-Portalban,La Broye,2.84,1.53,2.58,56.7,65.0,1123,4.9,2.42,14.5,,
2054,Estavayer,La Broye,1.42,2.08,2.39,28.4,490.0,1889,4.6,0.68,14.5,,
2063,Billens-Hennens,La Glâne,0.96,2.1,1.06,19.2,35.0,1928,3.9,1.69,20.2,,
2135,Gruyères,La Gruyère,1.6,2.42,1.24,31.9,87.0,2584,3.7,2.83,20.0,,
2160,Vuadens,La Gruyère,1.44,2.34,1.14,28.8,97.0,2415,3.8,1.96,20.0,,
2234,La Brillaz,La Sarine,1.66,2.68,1.38,33.2,79.0,3308,3.6,2.06,19.1,,
5631,Denens,Morges,2.64,3.25,4.13,52.7,44.0,5666,5.9,3.47,8.8,15113.0,annonces (surface estimée)
5636,Etoy,Morges,2.22,2.95,4.5,44.5,151.0,4252,5.1,6.84,8.8,10401.0,indicative (1-4)
5693,Montanaire,Gros-de-Vaud,1.78,1.92,2.86,35.5,112.0,1626,3.9,3.82,14.0,7459.0,indicative (1-4)
5701,Arnex-sur-Nyon,Nyon,2.63,3.08,3.6,52.6,8.0,4827,3.0,3.69,11.0,11333.0,estimé (voisinage)
5709,Chéserex,Nyon,3.38,2.66,3.91,67.5,65.0,3244,5.1,6.55,11.0,11333.0,estimé (voisinage)
5766,Vuiteboeuf,Jura-Nord vaudois,1.01,2.71,2.14,20.2,17.0,3404,2.8,4.22,17.0,6213.0,estimé (voisinage)
5859,Mont-sur-Rolle,Nyon,2.54,2.47,3.4,50.7,136.0,2718,4.9,1.84,11.0,11155.0,indicative (1-4)
5860,Perroy,Nyon,2.73,2.38,3.64,54.6,67.0,2500,4.2,4.02,11.0,10769.0,indicative (1-4)
5926,Pomy,Jura-Nord vaudois,2.06,2.69,1.88,41.3,38.0,3346,4.3,1.77,17.0,6714.0,estimé (voisinage)
2027,Ménières,La Broye,1.64,2.34,2.58,32.7,13.0,2402,2.9,2.46,14.5,,
2117,Villaz,La Glâne,1.48,2.26,1.47,29.5,75.0,2238,3.1,5.38,20.2,,
2124,Broc,La Gruyère,0.96,2.27,1.04,19.1,132.0,2254,4.6,1.04,20.0,,
2328,Granges (Veveyse),La Veveyse,1.33,3.26,1.42,26.6,44.0,5728,4.5,3.49,19.6,,
5483,Ferreyres,Morges,2.06,2.26,4.04,41.2,8.0,2230,2.6,2.6,8.8,6086.0,estimé (voisinage)
5559,Giez,Jura-Nord vaudois,2.28,2.7,1.84,45.7,28.0,3383,6.0,1.37,17.0,8333.0,indicative (1-4)
5611,Savigny,Lavaux-Oron,2.0,4.22,4.0,40.0,181.0,14065,5.1,3.46,9.3,10422.0,indicative (1-4)
5650,Vaux-sur-Morges,Morges,2.76,3.56,4.09,55.2,13.0,7548,7.0,3.13,8.8,14471.0,estimé (voisinage)
5817,Grandcour,Broye-Vully,1.52,2.32,2.06,30.3,46.0,2369,4.7,3.47,17.0,7882.0,estimé (voisinage)
5842,Rossinière,Riviera-Pays-d'Enhaut,0.64,1.23,2.09,12.9,33.0,851,6.6,4.61,17.4,7828.0,estimé (voisinage)
5932,Ursins,Jura-Nord vaudois,1.61,2.84,2.16,32.2,13.0,3835,5.6,4.39,17.0,5106.0,annonces (surface estimée)
6611,Chancy,Genève,1.12,2.12,3.24,22.5,39.0,1964,2.3,3.68,12.4,11892.0,indicative (1-4)
2044,Surpierre,La Broye,0.98,2.02,2.66,19.5,56.0,1786,4.6,3.21,14.5,,
2045,Vallon,La Broye,1.27,2.3,2.6,25.3,15.0,2330,2.8,2.58,14.5,,
2102,Ursy,La Glâne,1.82,2.28,1.27,36.4,138.0,2276,3.9,3.55,20.2,,
2115,Torny,La Glâne,1.32,2.47,1.5,26.4,30.0,2729,2.7,5.68,20.2,,
2128,Châtel-sur-Montsalvens,La Gruyère,1.72,2.33,1.05,34.4,12.0,2392,3.4,1.09,20.0,,
2163,Val-de-Charmey,La Gruyère,0.95,0.88,1.32,19.0,186.0,615,6.8,3.57,20.0,,
2235,La Sonnaz,La Sarine,2.04,3.38,1.46,40.8,37.0,6399,2.5,2.72,19.1,,
2296,Heitenried,Sense,1.91,2.19,2.68,38.3,71.0,2102,5.1,3.07,14.4,,
2300,Plasselb,Sense,0.89,1.53,2.84,17.8,62.0,1127,5.7,4.54,14.4,,
2301,Rechthalten,Sense,1.5,3.27,2.64,29.9,73.0,5759,6.3,2.78,14.4,,
2309,Wünnewil-Flamatt,Sense,1.52,2.21,3.0,30.5,270.0,2135,4.6,6.05,14.4,,
2391,Staatswald Galm,See,,2.61,2.34,,,3093,,1.64,15.1,,
5422,Aubonne,Morges,1.96,2.4,4.31,39.2,217.0,2559,5.6,5.17,8.8,7202.0,solide (5+)
5458,Faoug,Broye-Vully,2.2,2.42,1.92,44.0,29.0,2592,3.2,2.17,17.0,9182.0,indicative (1-4)
5586,Lausanne,Lausanne,0.71,4.44,2.07,14.2,6992.0,17282,4.8,0.31,15.6,12503.0,solide (5+)
5587,Le Mont-sur-Lausanne,Lausanne,1.91,4.42,2.12,38.2,501.0,16968,5.3,0.81,15.6,11343.0,indicative (1-4)
5632,Denges,Morges,2.35,4.45,3.92,47.0,52.0,17330,2.8,1.62,8.8,16377.0,indicative (1-4)
5642,Morges,Morges,1.85,3.56,4.01,37.0,1273.0,7532,7.2,2.43,8.8,9850.0,indicative (1-4)
5675,Lucens,Broye-Vully,1.27,2.11,1.74,25.3,190.0,1933,4.0,0.45,17.0,8077.0,indicative (1-4)
5680,Ogens,Gros-de-Vaud,1.38,2.65,2.73,27.5,11.0,3227,3.2,2.64,14.0,5367.0,annonces (surface estimée)
5706,Borex,Nyon,3.42,2.88,3.64,68.5,59.0,4006,5.1,4.01,11.0,11333.0,indicative (1-4)
5720,Givrins,Nyon,2.82,2.76,3.76,56.3,46.0,3584,4.3,5.14,11.0,9938.0,indicative (1-4)
5908,Chêne-Pâquier,Jura-Nord vaudois,1.64,1.78,2.08,32.7,7.0,1431,4.0,3.54,17.0,6551.0,estimé (voisinage)
5935,Villars-Epeney,Jura-Nord vaudois,2.26,2.58,2.0,45.1,1.0,3009,0.9,2.9,17.0,7331.0,estimé (voisinage)
6639,Soral,Genève,2.22,4.73,2.93,44.4,86.0,22577,9.1,0.79,12.4,4850.0,indicative (1-4)
5425,Bière,Morges,1.59,1.99,4.7,31.8,90.0,1734,5.4,8.68,8.8,8969.0,indicative (1-4)
5484,Gollion,Morges,1.92,3.41,3.8,38.5,39.0,6578,3.7,0.41,8.8,9052.0,indicative (1-4)
5495,Penthalaz,Gros-de-Vaud,1.56,3.32,2.5,31.3,215.0,6058,6.8,0.47,14.0,7759.0,annonces (surface estimée)
5522,Fey,Gros-de-Vaud,1.91,2.2,2.72,38.2,31.0,2119,3.9,2.62,14.0,8927.0,indicative (1-4)
5592,Romanel-sur-Lausanne,Lausanne,1.73,4.5,2.1,34.6,189.0,18207,4.4,0.56,15.6,8924.0,annonces (surface estimée)
5637,Lavigny,Morges,1.52,3.0,4.43,30.3,27.0,4486,2.5,6.25,8.8,8839.0,solide (5+)
5646,Saint-Prex,Morges,2.77,3.04,4.38,55.4,240.0,4620,4.1,5.8,8.8,12439.0,indicative (1-4)
5716,Eysins,Nyon,3.4,2.91,3.44,68.0,78.0,4126,4.4,2.21,11.0,11124.0,estimé (voisinage)
5830,Villarzel,Broye-Vully,1.42,2.27,2.06,28.3,21.0,2254,4.0,3.48,17.0,5949.0,estimé (voisinage)
5854,Burtigny,Nyon,1.54,2.52,3.62,30.8,16.0,2861,4.0,3.9,11.0,11143.0,indicative (1-4)
5904,Chamblon,Jura-Nord vaudois,2.5,2.81,1.96,50.0,19.0,3725,3.4,2.53,17.0,5986.0,estimé (voisinage)
5913,Donneloye,Jura-Nord vaudois,1.49,2.69,2.28,29.8,40.0,3351,4.4,5.45,17.0,6551.0,indicative (1-4)
5921,Molondin,Jura-Nord vaudois,0.78,2.73,2.07,15.7,10.0,3468,3.7,3.5,17.0,4322.0,indicative (1-4)
6603,Avully,Genève,0.92,3.78,2.98,18.4,70.0,9295,4.0,1.18,12.4,6410.0,indicative (1-4)
6630,Meyrin,Genève,1.22,4.93,2.94,24.4,1476.0,27358,5.5,0.9,12.4,10326.0,solide (5+)
2050,Les Montets,La Broye,1.68,2.28,2.74,33.7,53.0,2272,3.4,3.95,14.5,,
2233,Hauterive (FR),La Sarine,1.92,3.25,1.34,38.5,100.0,5631,3.7,1.72,19.1,,
2276,Ried bei Kerzers,See,2.12,1.99,2.48,42.5,61.0,1739,4.9,2.85,15.1,,
2145,Le Pâquier (FR),La Gruyère,1.87,2.25,1.19,37.4,48.0,2212,3.5,2.42,20.0,,
2194,Ferpicloz,La Sarine,2.76,3.19,1.23,55.1,8.0,5360,3.2,0.63,19.1,,
2228,Villars-sur-Glâne,La Sarine,2.24,3.36,1.2,44.9,652.0,6258,5.2,0.43,19.1,,
2305,Schmitten (FR),Sense,1.93,3.1,2.68,38.6,244.0,4913,5.7,3.1,14.4,,
5435,Saint-Livres,Morges,1.98,2.88,4.36,39.5,32.0,4005,4.5,5.6,8.8,8839.0,estimé (voisinage)
5477,Cossonay,Morges,2.0,2.87,3.93,40.0,166.0,3968,3.4,1.65,8.8,6353.0,annonces (surface estimée)
5488,Mauraz,Morges,2.87,2.12,3.98,57.4,1.0,1956,1.5,2.06,8.8,7927.0,estimé (voisinage)
5491,Mont-la-Ville,Morges,1.88,1.34,4.19,37.5,21.0,939,4.2,4.01,8.8,7239.0,annonces (surface estimée)
5492,Montricher,Morges,2.33,1.27,4.19,46.6,38.0,883,4.0,3.97,8.8,7927.0,annonces (surface estimée)
5493,Orny,Morges,1.51,2.37,3.9,30.2,25.0,2466,5.0,1.42,8.8,6086.0,indicative (1-4)
5498,La Sarraz,Morges,1.68,2.27,3.81,33.7,114.0,2247,4.4,0.56,8.8,8042.0,indicative (1-4)
5560,Grandevent,Jura-Nord vaudois,2.45,2.58,1.88,49.0,11.0,3025,4.6,1.73,17.0,8333.0,estimé (voisinage)
5624,Bussigny,Ouest lausannois,2.35,4.4,1.6,47.0,371.0,16594,3.2,1.77,18.1,9496.0,indicative (1-4)
5638,Lonay,Morges,3.25,4.37,3.86,65.0,260.0,16088,9.5,1.05,8.8,9158.0,annonces (surface estimée)
5690,Villars-le-Comte,Broye-Vully,1.98,2.03,2.01,39.7,6.0,1809,4.5,2.95,17.0,3606.0,indicative (1-4)
5692,Vucherens,Broye-Vully,1.69,2.33,2.14,33.8,28.0,2387,4.5,4.15,17.0,8276.0,estimé (voisinage)
5707,Chavannes-de-Bogis,Nyon,3.77,2.94,3.88,75.4,44.0,4222,3.2,6.22,11.0,10183.0,indicative (1-4)
5798,Ropraz,Broye-Vully,1.34,2.61,2.05,26.9,19.0,3116,3.6,3.34,17.0,8276.0,annonces (surface estimée)
5853,Bursins,Nyon,2.14,2.85,3.5,42.9,37.0,3880,4.5,2.8,11.0,10000.0,indicative (1-4)
6606,Bellevue,Genève,1.85,4.95,2.94,37.0,128.0,27810,3.1,0.93,12.4,9579.0,indicative (1-4)
6608,Carouge (GE),Genève,1.42,4.95,2.86,28.5,1093.0,27704,4.9,0.17,12.4,14238.0,indicative (1-4)
6615,Collex-Bossy,Genève,1.66,4.57,3.16,33.2,85.0,19392,5.1,2.96,12.4,12659.0,indicative (1-4)
6623,Le Grand-Saconnex,Genève,1.01,4.99,2.9,20.2,685.0,28910,5.2,0.53,12.4,11583.0,solide (5+)
5406,Lavey-Morcles,Aigle,1.22,0.75,0.32,24.4,48.0,543,4.7,2.89,23.7,9200.0,estimé (voisinage)
5590,Pully,Lavaux-Oron,2.75,4.34,3.84,55.0,1654.0,15723,8.5,1.95,9.3,13355.0,solide (5+)
5653,Vufflens-le-Château,Morges,3.81,3.5,4.04,76.2,54.0,7119,6.5,2.62,8.8,14471.0,estimé (voisinage)
5743,Arnex-sur-Orbe,Jura-Nord vaudois,1.74,2.11,2.1,34.9,23.0,1934,3.3,3.81,17.0,6832.0,estimé (voisinage)
5746,Bavois,Jura-Nord vaudois,1.64,2.41,1.85,32.7,23.0,2564,2.2,1.48,17.0,4146.0,estimé (voisinage)
5763,Valeyres-sous-Rances,Jura-Nord vaudois,1.96,2.77,2.02,39.2,18.0,3614,3.1,3.07,17.0,5986.0,estimé (voisinage)
5872,Le Chenit,Jura-Nord vaudois,2.28,1.09,2.08,45.5,366.0,749,7.7,3.57,17.0,5190.0,indicative (1-4)
5892,Blonay - Saint-Légier,Riviera-Pays-d'Enhaut,2.22,3.4,1.74,44.5,824.0,6490,6.6,1.39,17.4,12458.0,solide (5+)
5907,Chavannes-le-Chêne,Jura-Nord vaudois,1.34,2.12,2.0,26.9,15.0,1961,4.7,2.85,17.0,7331.0,estimé (voisinage)
5911,Cuarny,Jura-Nord vaudois,1.78,2.64,1.92,35.5,9.0,3198,3.7,2.16,17.0,6714.0,estimé (voisinage)
5919,Mathod,Jura-Nord vaudois,1.54,2.8,2.2,30.8,26.0,3710,3.6,4.77,17.0,6832.0,estimé (voisinage)
6637,Russin,Genève,2.55,3.97,2.96,51.0,28.0,11073,5.2,1.11,12.4,8785.0,indicative (1-4)
2035,Nuvilly,La Broye,1.14,2.27,2.82,22.8,12.0,2254,2.4,4.58,14.5,,
2068,Châtonnaye,La Glâne,1.27,2.31,1.34,25.3,44.0,2336,5.1,4.25,20.2,,
2266,Kleinbösingen,See,2.65,2.63,2.4,53.0,20.0,3162,2.8,2.16,15.1,,
5430,Marchissy,Nyon,1.59,2.03,4.04,31.8,12.0,1804,2.4,7.7,11.0,10025.0,estimé (voisinage)
5496,Penthaz,Gros-de-Vaud,2.11,3.57,2.64,42.2,78.0,7625,4.0,1.78,14.0,8750.0,indicative (1-4)
5728,Signy-Avenex,Nyon,3.28,2.88,3.4,65.5,40.0,4012,6.6,1.89,11.0,10987.0,estimé (voisinage)
5729,Tannay,Nyon,3.08,3.37,3.5,61.5,97.0,6303,5.6,2.83,11.0,19095.0,annonces (surface estimée)
5805,Oron,Lavaux-Oron,1.57,2.49,4.12,31.4,308.0,2763,4.9,4.51,9.3,6814.0,solide (5+)
5828,Treytorrens (Payerne),Broye-Vully,,2.09,2.18,,5.0,1900,4.6,4.56,17.0,5437.0,estimé (voisinage)
5831,Valbroye,Broye-Vully,1.38,2.12,1.92,27.7,180.0,1963,5.3,2.17,17.0,5437.0,indicative (1-4)
5841,Château-d'Oex,Riviera-Pays-d'Enhaut,0.43,0.6,1.94,8.6,269.0,472,7.4,3.28,17.4,7828.0,solide (5+)
5862,Tartegnin,Nyon,1.38,2.58,3.24,27.7,12.0,3016,5.1,0.43,11.0,11028.0,indicative (1-4)
5871,L'Abbaye,Jura-Nord vaudois,1.02,1.39,2.37,20.3,88.0,984,5.7,6.25,17.0,5447.0,indicative (1-4)
5891,Veytaux,Riviera-Pays-d'Enhaut,1.8,3.26,1.77,36.0,66.0,5717,6.4,1.7,17.4,8597.0,indicative (1-4)
5925,Orzens,Jura-Nord vaudois,1.14,2.69,2.17,22.7,12.0,3329,5.6,4.48,17.0,8213.0,estimé (voisinage)
6604,Avusy,Genève,1.5,3.6,3.12,30.0,75.0,7819,5.3,2.54,12.4,8251.0,indicative (1-4)
6625,Hermance,Genève,1.46,3.28,2.96,29.3,84.0,5800,6.7,1.04,12.4,12168.0,annonces (surface estimée)
2087,Mézières (FR),La Glâne,1.24,2.14,1.15,24.9,47.0,2006,4.0,2.45,20.2,,
2177,Chénens,La Sarine,1.43,2.35,1.5,28.6,26.0,2423,2.9,3.08,19.1,,
2278,Ulmiz,See,1.62,2.58,2.2,32.5,17.0,3021,4.0,0.33,15.1,,
2284,Mont-Vully,See,2.82,2.18,2.27,56.4,243.0,2069,5.3,0.97,15.1,,
2335,Saint-Martin (FR),La Veveyse,1.38,2.24,1.24,27.5,36.0,2198,3.5,1.91,19.6,,
2041,Saint-Aubin (FR),La Broye,1.74,2.1,2.74,34.7,75.0,1923,3.7,3.93,14.5,,
2153,Sorens,La Gruyère,1.86,2.57,1.16,37.2,39.0,2975,3.5,2.08,20.0,,
2183,Corminboeuf,La Sarine,2.56,3.38,1.38,51.3,102.0,6395,3.4,1.98,19.1,,
2272,Misery-Courtion,See,1.42,3.37,2.51,28.3,72.0,6329,3.0,3.16,15.1,,
2304,St. Ursen,Sense,1.69,3.27,2.64,33.9,78.0,5766,5.5,2.74,14.4,,
5408,Noville,Aigle,1.39,3.06,0.39,27.8,57.0,4720,4.7,3.57,23.7,6701.0,indicative (1-4)
5480,Daillens,Gros-de-Vaud,2.91,2.87,2.75,58.2,29.0,3949,2.6,2.83,14.0,4261.0,indicative (1-4)
5489,Mex (VD),Gros-de-Vaud,2.97,4.3,2.75,59.4,41.0,15182,5.1,2.81,14.0,10847.0,indicative (1-4)
5523,Froideville,Gros-de-Vaud,2.1,4.05,3.04,42.1,96.0,11942,3.5,5.53,14.0,6946.0,indicative (1-4)
5610,Saint-Saphorin (Lavaux),Lavaux-Oron,,3.22,3.9,,13.0,5470,3.4,2.47,9.3,11439.0,estimé (voisinage)
5661,Boulens,Gros-de-Vaud,1.84,2.1,2.6,36.8,15.0,1919,4.1,1.5,14.0,8067.0,estimé (voisinage)
5723,Mies,Nyon,2.94,3.14,3.4,58.9,130.0,5075,6.0,1.84,11.0,11667.0,indicative (1-4)
5732,Vich,Nyon,3.18,2.92,3.4,63.5,35.0,4160,3.0,1.88,11.0,10903.0,indicative (1-4)
5764,Vallorbe,Jura-Nord vaudois,1.19,1.06,2.79,23.8,206.0,723,4.8,10.13,17.0,6253.0,indicative (1-4)
6616,Collonge-Bellerive,Genève,3.3,4.87,2.9,66.0,588.0,25897,6.8,0.47,12.4,17245.0,solide (5+)
6633,Plan-les-Ouates,Genève,2.31,4.9,2.86,46.1,529.0,26582,4.3,0.2,12.4,11544.0,solide (5+)
6635,Presinge,Genève,1.26,4.44,2.88,25.2,64.0,17262,9.0,0.31,12.4,14497.0,solide (5+)
6641,Troinex,Genève,1.94,4.9,3.01,38.7,151.0,26402,4.8,1.53,12.4,13540.0,solide (5+)
5511,Assens,Gros-de-Vaud,2.28,3.39,2.75,45.7,64.0,6463,3.7,2.82,14.0,8750.0,estimé (voisinage)
5529,Oulens-sous-Echallens,Gros-de-Vaud,2.34,2.82,2.73,46.9,17.0,3763,2.8,2.66,14.0,4261.0,estimé (voisinage)
2123,Botterens,La Gruyère,1.52,2.36,1.16,30.5,19.0,2451,2.5,2.13,20.0,,
2293,Düdingen,Sense,1.68,3.4,2.47,33.5,547.0,6488,6.0,1.17,14.4,,
2303,St. Silvester,Sense,0.97,3.12,2.63,19.4,56.0,4991,5.3,2.65,14.4,,
5622,Bremblens,Morges,2.64,4.37,4.01,52.7,23.0,16111,3.7,2.37,8.8,8346.0,annonces (surface estimée)
5663,Bussy-sur-Moudon,Broye-Vully,1.47,2.1,1.96,29.4,9.0,1923,3.4,2.47,17.0,6846.0,estimé (voisinage)
5678,Moudon,Broye-Vully,1.01,2.0,1.75,20.2,271.0,1746,4.1,0.57,17.0,6846.0,solide (5+)
5708,Chavannes-des-Bois,Nyon,3.35,2.95,3.65,67.1,30.0,4283,3.1,4.17,11.0,6726.0,indicative (1-4)
5731,Le Vaud,Nyon,2.38,2.47,3.9,47.5,47.0,2719,3.4,6.4,11.0,10025.0,solide (5+)
5758,La Praz,Jura-Nord vaudois,0.88,1.63,2.32,17.5,7.0,1240,3.4,5.76,17.0,3692.0,indicative (1-4)
5759,Premier,Jura-Nord vaudois,1.06,1.67,2.5,21.2,13.0,1287,5.7,7.52,17.0,6253.0,estimé (voisinage)
5790,Maracon,Lavaux-Oron,1.88,2.48,4.01,37.5,20.0,2742,3.5,3.6,9.3,10936.0,estimé (voisinage)
5861,Rolle,Nyon,2.46,2.4,3.48,49.2,391.0,2537,6.0,2.57,11.0,16036.0,solide (5+)
6601,Aire-la-Ville,Genève,1.64,4.77,3.12,32.8,52.0,23522,4.4,2.46,12.4,8901.0,indicative (1-4)
6609,Cartigny,Genève,2.84,4.72,3.06,56.9,46.0,22368,4.4,1.97,12.4,10583.0,indicative (1-4)
6624,Gy,Genève,1.96,3.38,3.26,39.3,22.0,6402,4.0,3.81,12.4,4653.0,annonces (surface estimée)
5541,Goumoëns,Gros-de-Vaud,1.94,2.67,2.46,38.7,67.0,3272,5.6,0.12,14.0,3667.0,indicative (1-4)
5591,Renens (VD),Ouest lausannois,0.66,4.53,1.46,13.2,964.0,18721,4.5,0.47,18.1,9023.0,indicative (1-4)
5639,Lully (VD),Morges,3.88,3.26,4.06,77.7,36.0,5698,4.3,2.82,8.8,10604.0,indicative (1-4)
5718,Genolier,Nyon,3.99,2.92,3.66,79.8,109.0,4143,5.4,4.27,11.0,11518.0,indicative (1-4)
5722,Grens,Nyon,2.94,2.88,3.51,58.8,21.0,3996,5.4,2.88,11.0,11333.0,estimé (voisinage)
5856,Essertines-sur-Rolle,Nyon,2.99,2.47,3.4,59.7,18.0,2728,2.3,1.86,11.0,12244.0,indicative (1-4)
6618,Confignon,Genève,1.59,4.91,2.9,31.8,278.0,26712,6.1,0.57,12.4,12607.0,indicative (1-4)
6640,Thônex,Genève,1.01,4.85,2.88,20.1,982.0,25424,5.8,0.35,12.4,12377.0,solide (5+)
6645,Veyrier,Genève,2.16,4.93,2.94,43.1,894.0,27244,7.4,0.88,12.4,11788.0,solide (5+)
2067,Le Châtelard,La Glâne,0.87,2.59,1.46,17.4,20.0,3057,5.5,5.36,20.2,,
2275,Murten,See,2.42,2.27,2.16,48.3,599.0,2259,6.3,0.0,15.1,,
2337,Le Flon,La Veveyse,0.96,2.03,1.2,19.2,47.0,1795,3.9,1.55,19.6,,
2130,Crésuz,La Gruyère,2.22,2.31,0.96,44.3,29.0,2348,6.0,0.24,20.0,,
2308,Ueberstorf,Sense,1.67,1.75,3.08,33.4,143.0,1382,5.9,6.81,14.4,,
6620,Dardagny,Genève,1.01,3.43,3.08,20.2,109.0,6688,6.0,2.13,12.4,7649.0,indicative (1-4)
5412,Rennaz,Aigle,1.75,2.95,0.33,35.0,40.0,4255,4.2,3.0,23.7,6701.0,estimé (voisinage)
5431,Mollens (VD),Morges,1.27,1.6,4.4,25.4,14.0,1200,4.3,5.93,8.8,8969.0,estimé (voisinage)
5464,Vully-les-Lacs,Broye-Vully,2.06,1.91,2.12,41.2,183.0,1603,5.0,3.96,17.0,6873.0,solide (5+)
5415,Yvorne,Aigle,1.58,2.01,0.31,31.6,53.0,1768,4.8,2.83,23.7,6429.0,indicative (1-4)
5490,Moiry,Morges,1.59,1.88,4.24,31.8,10.0,1571,3.3,4.53,8.8,5350.0,estimé (voisinage)
5518,Echallens,Gros-de-Vaud,1.54,2.78,2.48,30.8,297.0,3622,4.4,0.33,14.0,8750.0,solide (5+)
5520,Essertines-sur-Yverdon,Gros-de-Vaud,2.02,2.82,3.06,40.5,34.0,3789,3.0,5.62,14.0,8213.0,indicative (1-4)
5555,Corcelles-près-Concise,Jura-Nord vaudois,1.86,2.51,1.74,37.3,33.0,2823,7.6,0.44,17.0,7075.0,estimé (voisinage)
5585,Jouxtens-Mézery,Lausanne,3.42,4.54,2.16,68.5,102.0,18926,6.9,1.11,15.6,14662.0,annonces (surface estimée)
5623,Buchillon,Morges,3.84,2.74,4.65,76.8,43.0,3491,6.3,8.23,8.8,10769.0,estimé (voisinage)
5629,Clarmont,Morges,1.88,3.37,3.92,37.5,8.0,6343,3.5,1.62,8.8,9904.0,estimé (voisinage)
5634,Echichens,Morges,2.51,3.71,4.1,50.3,240.0,8668,7.4,3.26,8.8,9904.0,indicative (1-4)
5714,Crassier,Nyon,2.49,3.04,3.74,49.8,50.0,4655,3.9,5.0,11.0,11869.0,indicative (1-4)
5745,Baulmes,Jura-Nord vaudois,1.1,1.79,2.08,22.1,53.0,1444,4.5,3.59,17.0,5209.0,estimé (voisinage)
5754,Juriens,Jura-Nord vaudois,1.16,1.82,2.46,23.2,13.0,1481,3.7,7.07,17.0,6253.0,estimé (voisinage)
5816,Corcelles-près-Payerne,Broye-Vully,1.74,2.53,2.48,34.7,117.0,2868,3.9,7.27,17.0,4006.0,indicative (1-4)
5889,La Tour-de-Peilz,Riviera-Pays-d'Enhaut,1.98,3.4,1.72,39.6,891.0,6503,7.0,1.27,17.4,10340.0,solide (5+)
5923,Oppens,Gros-de-Vaud,1.46,2.82,2.77,29.2,8.0,3773,4.0,3.03,14.0,8067.0,estimé (voisinage)
5931,Treycovagnes,Jura-Nord vaudois,1.74,2.71,1.97,34.7,21.0,3393,4.1,2.6,17.0,8455.0,estimé (voisinage)
5937,Vugelles-La Mothe,Jura-Nord vaudois,1.78,2.58,1.91,35.5,6.0,3026,4.1,2.06,17.0,8333.0,estimé (voisinage)
5938,Yverdon-les-Bains,Jura-Nord vaudois,0.84,2.77,1.78,16.9,1817.0,3618,6.0,0.89,17.0,8455.0,solide (5+)
2038,Prévondavaux,La Broye,0.6,2.02,2.76,12.0,4.0,1788,3.5,4.08,14.5,,
2186,Cottens (FR),La Sarine,1.64,2.64,1.18,32.8,80.0,3186,5.2,0.15,19.1,,
5409,Ollon,Aigle,1.64,2.06,0.14,32.9,380.0,1851,4.6,1.25,23.7,9669.0,solide (5+)
5472,Bournens,Gros-de-Vaud,2.7,3.57,2.52,54.1,20.0,7623,3.8,0.71,14.0,8750.0,estimé (voisinage)
5486,L'Isle,Morges,1.14,1.66,3.86,22.7,49.0,1268,4.5,1.04,8.8,7239.0,estimé (voisinage)
5621,Aclens,Morges,2.76,3.76,3.96,55.2,20.0,9155,3.4,1.91,8.8,9052.0,estimé (voisinage)
5669,Curtilles,Broye-Vully,1.36,2.09,1.8,27.1,9.0,1904,2.9,1.06,17.0,5634.0,indicative (1-4)
5710,Coinsins,Nyon,3.97,2.92,3.48,79.4,24.0,4143,4.6,2.56,11.0,10903.0,estimé (voisinage)
5711,Commugny,Nyon,3.08,3.09,3.67,61.6,165.0,4873,5.5,4.35,11.0,11477.0,indicative (1-4)
5721,Gland,Nyon,2.52,2.81,3.35,50.4,490.0,3745,3.5,1.44,11.0,9727.0,solide (5+)
5760,Rances,Jura-Nord vaudois,1.31,2.0,2.29,26.2,23.0,1744,4.5,5.55,17.0,4824.0,annonces (surface estimée)
5851,Allaman,Morges,2.07,2.34,4.41,41.4,18.0,2401,4.2,6.06,8.8,16036.0,estimé (voisinage)
5890,Vevey,Riviera-Pays-d'Enhaut,0.84,3.4,1.75,16.9,982.0,6503,4.9,1.5,17.4,9939.0,solide (5+)
6643,Vernier,Genève,0.25,4.97,2.96,4.9,1815.0,28415,4.8,1.03,12.4,10282.0,solide (5+)
2148,Riaz,La Gruyère,2.11,2.47,1.13,42.3,111.0,2709,3.8,1.81,20.0,,
2162,Bas-Intyamon,La Gruyère,1.46,2.1,1.32,29.1,57.0,1922,3.3,3.58,20.0,,
2216,Pierrafortscha,La Sarine,1.31,3.37,1.36,26.1,8.0,6345,5.3,1.88,19.1,,
2257,Cressier (FR),See,2.41,2.65,2.5,48.1,35.0,3207,3.2,3.11,15.1,,
2292,Brünisried,Sense,1.51,2.13,2.54,30.2,22.0,1971,3.0,1.89,14.4,,
5403,Chessel,Aigle,1.62,1.75,0.42,32.4,23.0,1388,4.4,3.9,23.7,6701.0,estimé (voisinage)
5485,Grancy,Morges,2.27,2.69,3.92,45.4,22.0,3330,4.1,1.53,8.8,9052.0,estimé (voisinage)
5551,Bonvillars,Jura-Nord vaudois,2.26,2.53,1.98,45.1,22.0,2873,4.3,2.68,17.0,7905.0,indicative (1-4)
5561,Grandson,Jura-Nord vaudois,1.58,2.57,2.06,31.7,151.0,2990,4.5,3.49,17.0,7923.0,solide (5+)
5568,Sainte-Croix,Jura-Nord vaudois,0.88,1.22,1.76,17.6,408.0,844,7.9,0.63,17.0,5209.0,solide (5+)
5589,Prilly,Ouest lausannois,1.15,4.52,1.48,23.0,802.0,18643,6.3,0.6,18.1,11557.0,indicative (1-4)
5628,Chigny,Morges,2.48,3.5,3.93,49.5,7.0,7141,1.7,1.63,8.8,14471.0,annonces (surface estimée)
5741,L'Abergement,Jura-Nord vaudois,1.52,1.99,2.4,30.5,11.0,1731,4.1,6.47,17.0,6832.0,estimé (voisinage)
5747,Bofflens,Jura-Nord vaudois,2.16,2.0,2.1,43.2,7.0,1747,3.5,3.83,17.0,6832.0,estimé (voisinage)
5803,Vulliens,Broye-Vully,1.65,2.29,2.12,33.0,24.0,2288,3.8,3.99,17.0,5865.0,annonces (surface estimée)
6636,Puplinge,Genève,1.4,4.66,3.07,28.1,157.0,21133,6.0,2.06,12.4,10220.0,solide (5+)
2099,Siviriez,La Glâne,1.26,1.97,1.4,25.1,101.0,1710,3.8,4.77,20.2,,
2134,Grandvillard,La Gruyère,1.66,1.2,1.3,33.2,37.0,827,4.1,3.4,20.0,,
2143,Morlon,La Gruyère,1.5,2.39,1.24,30.0,30.0,2521,3.9,2.83,20.0,,
2206,Marly,La Sarine,1.03,3.38,1.23,20.6,576.0,6390,6.2,0.62,19.1,,
2238,Bois-d'Amont,La Sarine,1.66,3.26,1.48,33.1,97.0,5704,4.0,2.94,19.1,,
2271,Meyriez,See,3.23,2.34,2.54,64.6,39.0,2413,6.9,3.39,15.1,,
5407,Leysin,Aigle,0.55,2.06,0.13,10.9,139.0,1853,3.8,1.21,23.7,6389.0,indicative (1-4)
5437,Saubraz,Morges,1.48,2.28,4.38,29.7,9.0,2275,2.0,5.77,8.8,8120.0,estimé (voisinage)
5475,Chavannes-le-Veyron,Morges,1.89,2.16,3.8,37.8,1.0,2030,0.6,0.5,8.8,6353.0,estimé (voisinage)
5514,Bottens,Gros-de-Vaud,1.97,3.12,2.84,39.4,44.0,4995,3.2,3.63,14.0,6946.0,estimé (voisinage)
5554,Concise,Jura-Nord vaudois,1.76,1.71,1.94,35.1,34.0,1330,3.3,2.37,17.0,7075.0,annonces (surface estimée)
5571,Tévenon,Jura-Nord vaudois,1.8,1.0,1.91,35.9,56.0,685,6.5,2.08,17.0,7977.0,indicative (1-4)
5655,Yens,Morges,2.41,2.84,4.14,48.2,68.0,3849,4.5,3.57,8.8,9944.0,estimé (voisinage)
5674,Lovatens,Broye-Vully,1.07,2.08,1.96,21.4,6.0,1886,4.1,2.52,17.0,8077.0,estimé (voisinage)
5756,Montcherand,Jura-Nord vaudois,2.06,1.8,1.97,41.2,17.0,1447,3.5,2.6,17.0,6832.0,estimé (voisinage)
5933,Valeyres-sous-Montagny,Jura-Nord vaudois,1.91,2.77,1.76,38.3,39.0,3617,5.5,0.61,17.0,10385.0,solide (5+)
6610,Céligny,Genève,2.08,3.11,3.34,41.7,38.0,4963,4.4,4.56,12.4,12763.0,indicative (1-4)
2055,Cheyres-Châbles,La Broye,2.19,1.84,2.5,43.8,101.0,1512,4.1,1.69,14.5,,
2137,Hauteville,La Gruyère,1.64,2.48,1.14,32.9,20.0,2739,2.7,1.98,20.0,,
2174,Avry,La Sarine,2.2,3.22,1.38,44.0,76.0,5497,3.9,2.08,19.1,,
2237,Prez,La Sarine,1.81,2.68,1.64,36.2,83.0,3319,3.4,4.35,19.1,,
2333,Remaufens,La Veveyse,1.58,2.58,1.2,31.6,24.0,3028,1.7,1.53,19.6,,
2113,Vuisternens-devant-Romont,La Glâne,1.19,2.58,1.5,23.8,115.0,3016,4.8,5.63,20.2,,
2152,Sâles,La Gruyère,1.34,2.53,1.42,26.8,50.0,2878,3.4,4.52,20.0,,
5471,Bettens,Gros-de-Vaud,2.27,3.38,2.72,45.4,11.0,6405,1.7,2.54,14.0,5690.0,estimé (voisinage)
5479,Cuarnens,Morges,1.54,2.04,4.04,30.7,18.0,1826,3.2,2.69,8.8,5350.0,indicative (1-4)
5521,Etagnières,Gros-de-Vaud,1.92,4.27,2.73,38.4,52.0,14647,4.4,2.63,14.0,7980.0,estimé (voisinage)
5582,Cheseaux-sur-Lausanne,Lausanne,1.79,4.3,2.14,35.8,265.0,15049,5.5,0.94,15.6,7980.0,annonces (surface estimée)
5604,Forel (Lavaux),Lavaux-Oron,2.09,4.18,3.7,41.8,96.0,13462,4.6,0.73,9.3,7274.0,annonces (surface estimée)
5651,Villars-Sainte-Croix,Ouest lausannois,2.96,4.4,1.7,59.3,38.0,16566,4.0,2.72,18.1,8935.0,indicative (1-4)
5652,Villars-sous-Yens,Morges,1.84,2.95,4.33,36.8,28.0,4262,4.7,5.3,8.8,12914.0,annonces (surface estimée)
5712,Coppet,Nyon,3.34,3.16,3.62,66.7,194.0,5182,6.0,3.82,11.0,26533.0,indicative (1-4)
5724,Nyon,Nyon,2.49,2.86,3.23,49.8,1167.0,3917,5.0,0.31,11.0,10987.0,solide (5+)
5725,Prangins,Nyon,3.21,2.86,3.42,64.2,242.0,3924,5.7,2.09,11.0,10411.0,indicative (1-4)
5755,Lignerolle,Jura-Nord vaudois,1.42,1.83,2.51,28.5,17.0,1494,3.7,7.57,17.0,7420.0,indicative (1-4)
5757,Orbe,Jura-Nord vaudois,1.1,2.71,1.77,22.1,398.0,3391,5.0,0.77,17.0,6832.0,solide (5+)
5885,Jongny,Riviera-Pays-d'Enhaut,2.48,3.5,1.62,49.5,88.0,7150,4.6,0.37,17.4,16071.0,annonces (surface estimée)
5914,Ependes (VD),Jura-Nord vaudois,1.44,2.78,2.2,28.7,19.0,3631,5.0,4.76,17.0,9006.0,indicative (1-4)
6605,Bardonnex,Genève,1.73,4.89,3.04,34.6,136.0,26176,5.3,1.82,12.4,7208.0,indicative (1-4)
6642,Vandoeuvres,Genève,3.34,4.94,3.08,66.9,146.0,27455,4.8,2.22,12.4,18439.0,solide (5+)
2086,Massonnens,La Glâne,1.17,2.03,1.47,23.4,17.0,1809,2.9,5.4,20.2,,
2147,Pont-la-Ville,La Gruyère,2.06,2.3,1.31,41.2,21.0,2320,3.5,3.41,20.0,,
2149,La Roche,La Gruyère,1.29,2.23,1.01,25.8,73.0,2178,3.7,0.66,20.0,,
2155,Vaulruz,La Gruyère,1.69,2.31,1.26,33.8,59.0,2352,5.2,3.02,20.0,,
2294,Giffers,Sense,1.4,3.18,2.48,28.1,87.0,5285,5.1,1.28,14.4,,
2306,Tafers,Sense,1.9,3.15,2.54,37.9,464.0,5164,5.8,1.83,14.4,,
2307,Tentlingen,Sense,1.4,3.32,2.46,28.1,79.0,6048,5.7,1.06,14.4,,
2321,Attalens,La Veveyse,1.9,3.48,1.21,38.1,139.0,6992,3.8,1.65,19.6,,
5427,Féchy,Morges,3.1,2.36,4.24,62.0,35.0,2449,3.8,4.55,8.8,19032.0,annonces (surface estimée)
5531,Penthéréaz,Gros-de-Vaud,1.6,2.36,2.74,31.9,14.0,2449,3.3,2.68,14.0,4146.0,estimé (voisinage)
5556,Fiez,Jura-Nord vaudois,1.74,2.54,2.02,34.9,18.0,2918,4.2,3.11,17.0,7977.0,estimé (voisinage)
5566,Provence,Jura-Nord vaudois,0.38,0.07,2.18,7.6,31.0,286,7.6,4.59,17.0,7905.0,estimé (voisinage)
5613,Bourg-en-Lavaux,Lavaux-Oron,2.76,4.13,3.75,55.2,339.0,12927,6.2,1.14,9.3,15509.0,solide (5+)
5627,Chavannes-près-Renens,Ouest lausannois,0.8,4.52,1.5,16.1,272.0,18519,2.8,0.85,18.1,11420.0,estimé (voisinage)
5684,Rossenges,Broye-Vully,2.26,2.07,1.96,45.1,9.0,1873,9.9,2.45,17.0,5865.0,estimé (voisinage)
5785,Corcelles-le-Jorat,Broye-Vully,1.31,2.81,2.09,26.1,21.0,3738,4.2,3.69,17.0,7567.0,annonces (surface estimée)
5929,Suchy,Jura-Nord vaudois,2.15,2.81,2.24,43.0,12.0,3736,1.8,5.07,17.0,7704.0,indicative (1-4)
5402,Bex,Aigle,1.06,1.41,0.6,21.3,495.0,1007,5.6,5.44,23.7,7468.0,solide (5+)
5424,Berolle,Morges,1.32,1.84,4.62,26.4,13.0,1501,4.3,7.95,8.8,8969.0,estimé (voisinage)
5426,Bougy-Villars,Morges,2.56,2.54,4.1,51.2,25.0,2918,4.9,3.27,8.8,7450.0,indicative (1-4)
5609,Rivaz,Lavaux-Oron,2.38,3.37,3.89,47.6,38.0,6300,11.6,2.45,9.3,7857.0,annonces (surface estimée)
5702,Arzier-Le Muids,Nyon,2.26,1.45,4.44,45.1,97.0,1043,3.3,11.45,11.0,13456.0,indicative (1-4)
5730,Trélex,Nyon,3.47,2.81,3.62,69.4,75.0,3759,5.3,3.85,11.0,6892.0,indicative (1-4)
5873,Le Lieu,Jura-Nord vaudois,1.59,0.61,2.46,31.8,60.0,475,6.5,7.1,17.0,6253.0,estimé (voisinage)
5930,Suscévaz,Jura-Nord vaudois,1.82,2.71,2.16,36.3,10.0,3407,4.3,4.33,17.0,5986.0,estimé (voisinage)
5934,Valeyres-sous-Ursins,Jura-Nord vaudois,1.25,2.81,2.04,25.0,18.0,3727,7.7,3.27,17.0,7936.0,annonces (surface estimée)
6607,Bernex,Genève,1.36,4.84,2.96,27.1,713.0,25153,6.4,1.11,12.4,10489.0,solide (5+)
6627,Laconnex,Genève,2.22,3.92,3.04,44.4,45.0,10539,6.4,1.85,12.4,10773.0,annonces (surface estimée)
2239,Grolley-Ponthaux,La Sarine,,3.35,1.78,,,6235,,5.68,19.1,,
2274,Muntelier,See,3.1,2.32,2.34,61.9,57.0,2353,5.8,1.61,15.1,,
2173,Autigny,La Sarine,1.22,2.47,1.32,24.4,22.0,2732,2.6,1.5,19.1,,
2053,Belmont-Broye,La Broye,1.58,2.51,2.78,31.6,202.0,2832,3.3,4.29,14.5,,
2122,Pont-en-Ogoz,La Gruyère,1.91,2.55,1.32,38.2,81.0,2925,4.0,3.6,20.0,,
2226,Treyvaux,La Sarine,1.58,3.19,1.5,31.7,77.0,5321,4.7,3.1,19.1,,
5512,Bercher,Gros-de-Vaud,1.18,2.03,2.48,23.7,62.0,1803,4.6,0.31,14.0,8067.0,estimé (voisinage)
5527,Morrens (VD),Gros-de-Vaud,1.74,4.28,2.7,34.9,60.0,14788,5.2,2.41,14.0,7895.0,annonces (surface estimée)
5530,Pailly,Gros-de-Vaud,1.94,2.77,2.74,38.7,18.0,3619,3.1,2.7,14.0,9225.0,indicative (1-4)
5534,Rueyres,Gros-de-Vaud,1.6,2.77,2.58,32.0,17.0,3609,5.6,1.28,14.0,8067.0,indicative (1-4)
5539,Vuarrens,Gros-de-Vaud,1.82,2.89,2.92,36.3,26.0,4018,2.3,4.35,14.0,7259.0,annonces (surface estimée)
5671,Dompierre (VD),Broye-Vully,1.47,2.14,2.0,29.4,9.0,1999,3.8,2.83,17.0,9166.0,annonces (surface estimée)
5765,Vaulion,Jura-Nord vaudois,0.62,1.29,2.51,12.5,13.0,897,2.7,7.55,17.0,6253.0,estimé (voisinage)
5799,Servion,Lavaux-Oron,2.19,2.57,3.75,43.9,90.0,2976,4.0,1.14,9.3,8845.0,solide (5+)
5884,Corsier-sur-Vevey,Riviera-Pays-d'Enhaut,1.71,3.47,1.82,34.2,212.0,6913,6.3,2.1,17.4,10936.0,indicative (1-4)
5912,Démoret,Jura-Nord vaudois,0.8,2.72,2.26,16.1,9.0,3433,5.2,5.22,17.0,6551.0,estimé (voisinage)
5922,Montagny-près-Yverdon,Jura-Nord vaudois,2.32,2.9,1.79,46.4,37.0,4073,4.7,0.96,17.0,3967.0,indicative (1-4)
6622,Genthod,Genève,3.22,4.9,2.94,64.5,166.0,26518,5.8,0.9,12.4,15426.0,indicative (1-4)
6629,Meinier,Genève,1.87,4.61,3.14,37.4,153.0,20303,7.4,2.69,12.4,9373.0,indicative (1-4)
5414,Villeneuve (VD),Aigle,1.37,3.03,0.34,27.4,299.0,4581,5.0,3.15,23.7,11105.0,indicative (1-4)
5451,Avenches,Broye-Vully,1.61,2.5,1.72,32.3,227.0,2810,4.7,0.28,17.0,5493.0,annonces (surface estimée)
5501,Sullens,Gros-de-Vaud,2.78,4.29,2.58,55.5,56.0,15037,4.6,1.29,14.0,6152.0,annonces (surface estimée)
5535,Saint-Barthélemy (VD),Gros-de-Vaud,1.34,2.98,2.72,26.7,26.0,4390,3.1,2.51,14.0,5690.0,annonces (surface estimée)
5563,Mutrux,Jura-Nord vaudois,0.55,1.13,2.14,11.1,8.0,772,5.5,4.14,17.0,6459.0,annonces (surface estimée)
5581,Belmont-sur-Lausanne,Lavaux-Oron,2.26,4.35,3.85,45.2,176.0,15903,4.5,2.05,9.3,10622.0,solide (5+)
5648,Saint-Sulpice (VD),Ouest lausannois,3.63,4.35,1.86,72.6,303.0,15813,5.9,4.17,18.1,12443.0,indicative (1-4)
5654,Vullierens,Morges,1.56,3.56,4.01,31.3,21.0,7566,3.8,2.38,8.8,9485.0,indicative (1-4)
5683,Prévonloup,Broye-Vully,1.7,2.12,1.89,34.1,12.0,1965,5.2,1.84,17.0,8077.0,estimé (voisinage)
5688,Syens,Broye-Vully,1.98,2.04,1.99,39.5,10.0,1818,6.6,2.78,17.0,5865.0,estimé (voisinage)
5727,Saint-Cergue,Nyon,2.03,1.65,4.31,40.6,104.0,1262,3.5,10.2,11.0,6529.0,indicative (1-4)
5750,Les Clées,Jura-Nord vaudois,1.14,1.82,2.27,22.8,10.0,1478,5.2,5.33,17.0,6832.0,estimé (voisinage)
5813,Chevroux,Broye-Vully,1.7,1.93,1.97,34.1,21.0,1641,4.3,2.6,17.0,7882.0,indicative (1-4)
6619,Corsier (GE),Genève,3.22,4.53,3.04,64.4,121.0,18759,5.2,1.76,12.4,15987.0,indicative (1-4)
6626,Jussy,Genève,2.37,3.14,3.14,47.4,81.0,5096,6.6,2.69,12.4,10678.0,indicative (1-4)
2097,Rue,La Glâne,1.82,2.19,1.26,36.4,52.0,2086,3.2,3.42,20.2,,
2336,Semsales,La Veveyse,1.48,2.51,1.42,29.6,55.0,2814,3.5,3.54,19.6,,
5410,Ormont-Dessous,Aigle,0.64,1.73,0.7,12.7,58.0,1357,4.7,6.41,23.7,6123.0,indicative (1-4)
5411,Ormont-Dessus,Aigle,1.02,0.0,0.1,20.5,126.0,268,8.8,0.85,23.7,7951.0,indicative (1-4)
5436,Saint-Oyens,Morges,2.14,2.44,4.12,42.7,14.0,2657,3.1,3.38,8.8,8120.0,annonces (surface estimée)
5583,Crissier,Ouest lausannois,1.83,4.51,1.56,36.6,383.0,18410,3.6,1.34,18.1,10423.0,indicative (1-4)
5649,Tolochenaz,Morges,2.19,3.35,4.13,43.8,89.0,6202,4.6,3.5,8.8,11185.0,annonces (surface estimée)
5749,Chavornay,Jura-Nord vaudois,1.66,2.84,2.06,33.2,172.0,3853,3.2,3.47,17.0,4146.0,indicative (1-4)
5819,Henniez,Broye-Vully,1.32,2.11,1.94,26.5,16.0,1941,3.4,2.28,17.0,5949.0,estimé (voisinage)
5903,Bioley-Magnoux,Jura-Nord vaudois,1.35,2.69,2.15,27.0,13.0,3331,5.1,4.25,17.0,6551.0,estimé (voisinage)
5909,Cheseaux-Noréaz,Jura-Nord vaudois,2.72,2.6,2.03,54.5,48.0,3073,6.5,3.17,17.0,10011.0,indicative (1-4)
5928,Rovray,Jura-Nord vaudois,2.22,2.78,1.84,44.5,5.0,3651,2.6,1.41,17.0,7331.0,estimé (voisinage)
6602,Anières,Genève,2.26,3.42,3.16,45.2,117.0,6613,4.6,2.89,12.4,19652.0,indicative (1-4)
2008,Châtillon (FR),La Broye,2.7,2.15,2.51,53.9,10.0,2010,1.9,1.79,14.5,,
2043,Sévaz,La Broye,2.64,2.14,2.48,52.7,11.0,1989,3.5,1.53,14.5,,
2338,La Verrerie,La Veveyse,1.38,2.51,1.16,27.7,48.0,2827,3.6,1.12,19.6,,
2022,Gletterens,La Broye,2.23,1.9,2.44,44.6,41.0,1595,3.5,1.1,14.5,,
2096,Romont (FR),La Glâne,0.88,1.92,1.02,17.7,270.0,1621,4.4,1.24,20.2,,
2236,Gibloux,La Sarine,1.65,2.65,1.18,33.0,250.0,3212,3.0,0.15,19.1,,
2258,Fräschels,See,2.27,1.61,2.49,45.4,15.0,1217,3.4,2.93,15.1,,
2323,Bossonnens,La Veveyse,1.27,3.22,1.24,25.3,46.0,5473,2.9,1.93,19.6,,
5474,La Chaux (Cossonay),Morges,1.86,2.33,4.0,37.1,21.0,2390,4.9,2.27,8.8,6353.0,estimé (voisinage)
5487,Lussery-Villars,Gros-de-Vaud,1.74,2.66,2.72,34.8,18.0,3259,3.8,2.5,14.0,6353.0,estimé (voisinage)
5540,Montilliez,Gros-de-Vaud,1.96,2.34,2.8,39.2,65.0,2407,3.5,3.24,14.0,8750.0,estimé (voisinage)
5635,Ecublens (VD),Ouest lausannois,1.96,4.5,1.44,39.1,667.0,18164,5.0,0.33,18.1,11420.0,indicative (1-4)
5673,Hermenches,Broye-Vully,1.15,2.19,2.19,23.0,17.0,2097,4.6,4.64,17.0,7118.0,estimé (voisinage)
5703,Bassins,Nyon,2.14,1.7,4.22,42.8,55.0,1320,3.7,9.31,11.0,10593.0,indicative (1-4)
5762,Sergey,Jura-Nord vaudois,1.56,1.98,2.17,31.1,5.0,1716,3.8,4.44,17.0,6832.0,estimé (voisinage)
5902,Belmont-sur-Yverdon,Jura-Nord vaudois,1.88,2.75,2.19,37.5,16.0,3523,3.6,4.68,17.0,7337.0,indicative (1-4)
5939,Yvonand,Jura-Nord vaudois,1.3,2.71,1.81,26.0,215.0,3393,6.1,1.13,17.0,7331.0,annonces (surface estimée)
