ofs,nom,district,dist_ems_km,pop_totale,pop_80plus,part_80plus,indice_pouvoir_achat,prix_m2_appart,prix_fiabilite,lits_pour_100_district,demande_score,tension_score,pouvoir_achat_score,prix_bas_score
5401,Aigle,Aigle,0.57,11752.0,589.0,5.0,28.3,6970.0,indicative (1-4),23.7,42.7,1.2,28.3,85.3
5404,Corbeyrier,Aigle,3.81,452.0,53.0,11.7,23.8,9277.0,indicative (1-4),23.7,100.0,8.3,23.8,75.3
5405,Gryon,Aigle,3.31,1519.0,84.0,5.5,22.4,9200.0,indicative (1-4),23.7,47.0,7.2,22.4,75.6
5423,Ballens,Morges,4.02,579.0,32.0,5.5,30.9,9944.0,indicative (1-4),8.8,47.0,83.8,30.9,72.4
5557,Fontaines-sur-Grandson,Jura-Nord vaudois,1.63,219.0,7.0,3.2,20.8,7977.0,estimé (voisinage),17.0,27.4,37.3,20.8,80.9
5588,Paudex,Lavaux-Oron,3.37,1509.0,99.0,6.6,44.7,12542.0,indicative (1-4),9.3,56.4,79.8,44.7,61.0
5645,Romanel-sur-Morges,Morges,3.19,454.0,26.0,5.7,61.6,4887.0,annonces (surface estimée),8.8,48.7,82.0,61.6,94.4
5704,Begnins,Nyon,3.34,2035.0,172.0,8.5,54.0,9336.0,annonces (surface estimée),11.0,72.6,71.2,54.0,75.0
5717,Founex,Nyon,5.11,3763.0,166.0,4.4,63.6,12190.0,indicative (1-4),11.0,37.6,75.1,63.6,62.6
5792,Montpreveyres,Lavaux-Oron,3.15,656.0,19.0,2.9,33.0,7567.0,estimé (voisinage),9.3,24.8,79.4,33.0,82.7
5822,Payerne,Broye-Vully,6.66,10758.0,502.0,4.7,23.7,8688.0,solide (5+),17.0,40.2,48.3,23.7,77.8
5855,Dully,Nyon,3.07,620.0,27.0,4.4,77.1,21429.0,annonces (surface estimée),11.0,37.6,70.6,77.1,22.3
5882,Chardonne,Riviera-Pays-d'Enhaut,1.62,3337.0,244.0,7.3,44.4,13634.0,solide (5+),17.4,62.4,35.2,44.4,56.3
2129,Corbières,La Gruyère,1.55,1042.0,27.0,2.6,43.2,,,20.0,22.2,22.0,43.2,
2196,Fribourg,La Sarine,0.0,39151.0,2171.0,5.5,23.7,,,19.1,47.0,23.2,23.7,
2220,Le Mouret,La Sarine,2.0,3354.0,142.0,4.2,27.9,,,19.1,35.9,27.5,27.9,
2254,Courtepin,See,0.3,5772.0,192.0,3.3,32.4,,,15.1,28.2,43.9,32.4,
2261,Greng,See,3.5,176.0,8.0,4.5,100.0,,,15.1,38.5,50.9,100.0,
5726,La Rippe,Nyon,8.75,1196.0,43.0,3.6,60.8,11869.0,estimé (voisinage),11.0,30.8,83.0,60.8,64.0
5812,Champtauroz,Broye-Vully,4.82,196.0,8.0,4.1,24.5,8443.0,indicative (1-4),17.0,35.0,44.2,24.5,78.9
5821,Missy,Broye-Vully,4.35,383.0,21.0,5.5,28.8,5493.0,estimé (voisinage),17.0,47.0,43.2,28.8,91.8
6628,Lancy,Genève,0.55,37259.0,1942.0,5.2,20.1,,,12.4,44.4,58.1,20.1,
5434,Saint-George,Nyon,7.62,1081.0,43.0,4.0,44.1,10063.0,annonces (surface estimée),11.0,34.2,80.6,44.1,71.8
5499,Senarclens,Morges,2.3,480.0,25.0,5.2,38.8,9052.0,estimé (voisinage),8.8,44.4,80.0,38.8,76.2
5640,Lussy-sur-Morges,Morges,4.18,719.0,58.0,8.1,64.7,12914.0,estimé (voisinage),8.8,69.2,84.1,64.7,59.4
5656,Hautemorges,Morges,1.23,4383.0,212.0,4.8,42.7,8525.0,indicative (1-4),8.8,41.0,77.7,42.7,78.5
2198,Granges-Paccot,La Sarine,1.56,3983.0,105.0,2.6,41.7,,,19.1,22.2,26.6,41.7,
2211,Neyruz (FR),La Sarine,1.0,2869.0,97.0,3.4,37.3,,,19.1,29.1,25.3,37.3,
2325,Châtel-Saint-Denis,La Veveyse,3.7,8786.0,322.0,3.7,29.9,,,19.6,31.6,28.7,29.9,
2125,Bulle,La Gruyère,2.03,27101.0,1224.0,4.5,33.1,,,20.0,38.5,23.1,33.1,
2250,Courgevaux,See,4.37,1458.0,61.0,4.2,39.8,,,15.1,35.9,52.8,39.8,
5473,Boussens,Gros-de-Vaud,1.67,1006.0,22.0,2.2,60.3,17182.0,indicative (1-4),14.0,18.8,52.5,60.3,40.8
5553,Champagne,Jura-Nord vaudois,2.92,1070.0,32.0,3.0,45.7,7097.0,indicative (1-4),17.0,25.6,40.1,45.7,84.8
5562,Mauborget,Jura-Nord vaudois,2.11,145.0,10.0,6.9,19.3,7977.0,estimé (voisinage),17.0,59.0,38.3,19.3,80.9
5564,Novalles,Jura-Nord vaudois,0.97,106.0,5.0,4.7,36.1,8333.0,estimé (voisinage),17.0,40.2,35.8,36.1,79.4
5607,Puidoux,Lavaux-Oron,1.58,2974.0,101.0,3.4,36.5,24468.0,indicative (1-4),9.3,29.1,75.9,36.5,9.0
5705,Bogis-Bossey,Nyon,6.01,991.0,32.0,3.2,48.4,11869.0,estimé (voisinage),11.0,27.4,77.0,48.4,64.0
5742,Agiez,Jura-Nord vaudois,2.39,372.0,9.0,2.4,28.9,6832.0,estimé (voisinage),17.0,20.5,38.9,28.9,85.9
5843,Rougemont,Riviera-Pays-d'Enhaut,6.78,813.0,75.0,9.2,12.5,7828.0,estimé (voisinage),17.4,78.6,46.5,12.5,81.6
5852,Bursinel,Nyon,3.44,532.0,18.0,3.4,57.2,14495.0,indicative (1-4),11.0,29.1,71.4,57.2,52.5
5858,Luins,Nyon,2.52,633.0,20.0,3.2,67.1,4805.0,indicative (1-4),11.0,27.4,69.4,67.1,94.8
5883,Corseaux,Riviera-Pays-d'Enhaut,2.52,2320.0,211.0,9.1,49.9,11439.0,indicative (1-4),17.4,77.8,37.2,49.9,65.8
6612,Chêne-Bougeries,Genève,0.36,14342.0,1174.0,8.2,47.3,,,12.4,70.1,57.7,47.3,
6613,Chêne-Bourg,Genève,0.62,9578.0,449.0,4.7,15.7,,,12.4,40.2,58.2,15.7,
6614,Choulex,Genève,2.64,1232.0,75.0,6.1,51.4,,,12.4,52.1,62.6,51.4,
6621,Genève,Genève,0.44,209061.0,11144.0,5.3,15.5,,,12.4,45.3,57.8,15.5,
6644,Versoix,Genève,0.71,13996.0,757.0,5.4,17.0,,,12.4,46.2,58.4,17.0,
5482,Eclépens,Morges,2.15,1210.0,53.0,4.4,73.9,6086.0,estimé (voisinage),8.8,37.6,79.7,73.9,89.2
5565,Onnens (VD),Jura-Nord vaudois,1.35,513.0,24.0,4.7,44.5,5336.0,indicative (1-4),17.0,40.2,36.7,44.5,92.5
5601,Chexbres,Lavaux-Oron,0.54,2261.0,232.0,10.3,41.5,14645.0,indicative (1-4),9.3,88.0,73.7,41.5,51.9
5633,Echandens,Morges,0.68,2999.0,216.0,7.2,55.1,13381.0,annonces (surface estimée),8.8,61.5,76.5,55.1,57.4
5715,Duillier,Nyon,1.88,1140.0,45.0,3.9,54.4,8278.0,indicative (1-4),11.0,33.3,68.0,54.4,79.6
5719,Gingins,Nyon,7.92,1256.0,77.0,6.1,57.4,12180.0,annonces (surface estimée),11.0,52.1,81.2,57.4,62.6
5748,Bretonnières,Jura-Nord vaudois,5.26,261.0,11.0,4.2,40.0,6832.0,estimé (voisinage),17.0,35.9,45.2,40.0,85.9
5761,Romainmôtier-Envy,Jura-Nord vaudois,5.41,560.0,25.0,4.5,12.4,6086.0,estimé (voisinage),17.0,38.5,45.5,12.4,89.2
5804,Jorat-Menthue,Gros-de-Vaud,6.02,1574.0,74.0,4.7,42.1,7118.0,solide (5+),14.0,40.2,62.0,42.1,84.7
5863,Vinzel,Nyon,3.5,387.0,9.0,2.3,55.5,9336.0,estimé (voisinage),11.0,19.7,71.6,55.5,75.0
5905,Champvent,Jura-Nord vaudois,3.69,724.0,28.0,3.9,36.5,5986.0,annonces (surface estimée),17.0,33.3,41.8,36.5,89.6
5910,Cronay,Jura-Nord vaudois,3.54,426.0,19.0,4.5,33.6,6714.0,solide (5+),17.0,38.5,41.5,33.6,86.4
6631,Onex,Genève,0.28,18915.0,1433.0,7.6,7.8,,,12.4,65.0,57.5,7.8,
2016,Fétigny,La Broye,4.36,1284.0,42.0,3.3,28.9,,,14.5,28.2,55.8,28.9,
2025,Lully (FR),La Broye,2.46,1226.0,44.0,3.6,34.1,,,14.5,30.8,51.7,34.1,
2131,Echarlens,La Gruyère,1.83,846.0,34.0,4.0,41.2,,,20.0,34.2,22.6,41.2,
2208,Matran,La Sarine,1.6,1906.0,57.0,3.0,43.1,,,19.1,25.6,26.6,43.1,
2230,Villarsel-sur-Marly,La Sarine,1.78,69.0,0.0,0.0,24.6,,,19.1,0.0,27.0,24.6,
2265,Kerzers,See,2.15,5466.0,225.0,4.1,37.3,,,15.1,35.0,48.0,37.3,
2011,Cugy (FR),La Broye,4.52,2030.0,86.0,4.2,27.7,,,14.5,35.9,56.2,27.7,
2114,Villorsonnens,La Glâne,4.88,1546.0,72.0,4.7,29.3,,,20.2,40.2,28.3,29.3,
2140,Marsens,La Gruyère,0.69,2130.0,65.0,3.1,40.2,,,20.0,26.5,20.1,40.2,
2175,Belfaux,La Sarine,3.26,3452.0,145.0,4.2,30.4,,,19.1,35.9,30.3,30.4,
2262,Gurmels,See,1.08,4675.0,189.0,4.0,39.9,,,15.1,34.2,45.6,39.9,
5497,Pompaples,Morges,2.71,932.0,37.0,4.0,37.1,6086.0,estimé (voisinage),8.8,34.2,80.9,37.1,89.2
5516,Cugy (VD),Gros-de-Vaud,2.25,2787.0,143.0,5.1,32.8,6709.0,indicative (1-4),14.0,43.6,53.7,32.8,86.5
5537,Villars-le-Terroir,Gros-de-Vaud,1.67,1308.0,59.0,4.5,35.1,7259.0,estimé (voisinage),14.0,38.5,52.5,35.1,84.1
5665,Chavannes-sur-Moudon,Broye-Vully,0.96,229.0,14.0,6.1,34.7,4590.0,indicative (1-4),17.0,52.1,35.8,34.7,95.7
5713,Crans (VD),Nyon,2.78,2445.0,140.0,5.7,70.4,11124.0,indicative (1-4),11.0,48.7,70.0,70.4,67.2
5827,Trey,Broye-Vully,3.24,318.0,11.0,3.5,27.6,5949.0,indicative (1-4),17.0,29.9,40.8,27.6,89.8
5857,Gilly,Nyon,1.26,1441.0,51.0,3.5,64.3,13875.0,indicative (1-4),11.0,29.9,66.7,64.3,55.2
5886,Montreux,Riviera-Pays-d'Enhaut,1.75,26955.0,1976.0,7.3,30.1,11721.0,solide (5+),17.4,62.4,35.5,30.1,64.6
5924,Orges,Jura-Nord vaudois,1.98,424.0,12.0,2.8,32.1,6213.0,annonces (surface estimée),17.0,23.9,38.0,32.1,88.6
6632,Perly-Certoux,Genève,1.61,3304.0,184.0,5.6,35.5,,,12.4,47.9,60.4,35.5,
6638,Satigny,Genève,0.22,4713.0,239.0,5.1,39.3,,,12.4,43.6,57.4,39.3,
2121,Haut-Intyamon,La Gruyère,5.27,1774.0,89.0,5.0,13.5,,,20.0,42.7,30.1,13.5,
2197,Givisiez,La Sarine,0.2,3457.0,110.0,3.2,42.8,,,19.1,27.4,23.6,42.8,
2299,Plaffeien,Sense,5.75,3693.0,245.0,6.6,18.2,,,14.4,56.4,59.4,18.2,
2029,Montagny (FR),La Broye,7.04,3037.0,118.0,3.9,27.8,,,14.5,33.3,61.7,27.8,
2079,Grangettes,La Glâne,5.83,212.0,3.0,1.4,26.6,,,20.2,12.0,30.3,26.6,
2138,Jaun,La Gruyère,8.55,657.0,53.0,8.1,11.0,,,20.0,69.2,37.3,11.0,
2295,Bösingen,Sense,4.88,3360.0,170.0,5.1,40.7,,,14.4,43.6,57.5,40.7,
5413,Roche (VD),Aigle,4.7,1994.0,69.0,3.5,30.6,6825.0,indicative (1-4),23.7,29.9,10.3,30.6,86.0
5428,Gimel,Morges,6.93,2457.0,114.0,4.6,27.3,7726.0,indicative (1-4),8.8,39.3,90.1,27.3,82.0
5429,Longirod,Nyon,6.38,556.0,23.0,4.1,33.0,9400.0,indicative (1-4),11.0,35.0,77.9,33.0,74.7
5456,Cudrefin,Broye-Vully,6.36,1885.0,81.0,4.3,56.3,8730.0,indicative (1-4),17.0,36.8,47.6,56.3,77.7
5476,Chevilly,Morges,3.02,346.0,10.0,2.9,51.4,6353.0,estimé (voisinage),8.8,24.8,81.6,51.4,88.0
5481,Dizy,Morges,2.47,238.0,8.0,3.4,33.1,7759.0,estimé (voisinage),8.8,29.1,80.4,33.1,81.9
5503,Vufflens-la-Ville,Gros-de-Vaud,2.6,1342.0,63.0,4.7,52.2,9801.0,indicative (1-4),14.0,40.2,54.5,52.2,73.0
5515,Bretigny-sur-Morrens,Gros-de-Vaud,4.05,899.0,22.0,2.4,34.8,6946.0,estimé (voisinage),14.0,20.5,57.7,34.8,85.4
5533,Poliez-Pittet,Gros-de-Vaud,4.65,850.0,47.0,5.5,39.9,5267.0,indicative (1-4),14.0,47.0,59.0,39.9,92.8
5552,Bullet,Jura-Nord vaudois,3.86,681.0,56.0,8.2,24.0,9047.0,indicative (1-4),17.0,70.1,42.2,24.0,76.3
5584,Epalinges,Lausanne,0.49,9905.0,566.0,5.7,48.5,11155.0,solide (5+),15.6,48.7,41.8,48.5,67.1
5606,Lutry,Lavaux-Oron,1.9,10751.0,871.0,8.1,67.3,14210.0,solide (5+),9.3,69.2,76.6,67.3,53.7
5643,Préverenges,Morges,3.43,5260.0,326.0,6.2,46.4,11409.0,solide (5+),8.8,53.0,82.5,46.4,66.0
5744,Ballaigues,Jura-Nord vaudois,9.94,1218.0,92.0,7.6,33.4,6253.0,estimé (voisinage),17.0,65.0,55.4,33.4,88.5
5752,Croy,Jura-Nord vaudois,4.1,403.0,44.0,10.9,26.2,6086.0,estimé (voisinage),17.0,93.2,42.7,26.2,89.2
5806,Jorat-Mézières,Lavaux-Oron,1.29,3189.0,129.0,4.0,37.7,9117.0,annonces (surface estimée),9.3,34.2,75.3,37.7,76.0
6617,Cologny,Genève,1.99,6027.0,457.0,7.6,71.8,,,12.4,65.0,61.2,71.8,
6634,Pregny-Chambésy,Genève,1.29,4262.0,260.0,6.1,47.6,,,12.4,52.1,59.7,47.6,
2051,Delley-Portalban,La Broye,2.42,1319.0,65.0,4.9,56.7,,,14.5,41.9,51.6,56.7,
2054,Estavayer,La Broye,0.68,10623.0,490.0,4.6,28.4,,,14.5,39.3,47.8,28.4,
2063,Billens-Hennens,La Glâne,1.69,903.0,35.0,3.9,19.2,,,20.2,33.3,21.3,19.2,
2135,Gruyères,La Gruyère,2.83,2339.0,87.0,3.7,31.9,,,20.0,31.6,24.8,31.9,
2160,Vuadens,La Gruyère,1.96,2579.0,97.0,3.8,28.8,,,20.0,32.5,22.9,28.8,
2234,La Brillaz,La Sarine,2.06,2208.0,79.0,3.6,33.2,,,19.1,30.8,27.7,33.2,
5631,Denens,Morges,3.47,742.0,44.0,5.9,52.7,15113.0,annonces (surface estimée),8.8,50.4,82.6,52.7,49.8
5636,Etoy,Morges,6.84,2962.0,151.0,5.1,44.5,10401.0,indicative (1-4),8.8,43.6,89.9,44.5,70.4
5693,Montanaire,Gros-de-Vaud,3.82,2860.0,112.0,3.9,35.5,7459.0,indicative (1-4),14.0,33.3,57.2,35.5,83.2
5701,Arnex-sur-Nyon,Nyon,3.69,270.0,8.0,3.0,52.6,11333.0,estimé (voisinage),11.0,25.6,72.0,52.6,66.3
5709,Chéserex,Nyon,6.55,1279.0,65.0,5.1,67.5,11333.0,estimé (voisinage),11.0,43.6,78.2,67.5,66.3
5766,Vuiteboeuf,Jura-Nord vaudois,4.22,608.0,17.0,2.8,20.2,6213.0,estimé (voisinage),17.0,23.9,42.9,20.2,88.6
5859,Mont-sur-Rolle,Nyon,1.84,2752.0,136.0,4.9,50.7,11155.0,indicative (1-4),11.0,41.9,67.9,50.7,67.1
5860,Perroy,Nyon,4.02,1584.0,67.0,4.2,54.6,10769.0,indicative (1-4),11.0,35.9,72.7,54.6,68.8
5926,Pomy,Jura-Nord vaudois,1.77,876.0,38.0,4.3,41.3,6714.0,estimé (voisinage),17.0,36.8,37.6,41.3,86.4
2027,Ménières,La Broye,2.46,445.0,13.0,2.9,32.7,,,14.5,24.8,51.7,32.7,
2117,Villaz,La Glâne,5.38,2409.0,75.0,3.1,29.5,,,20.2,26.5,29.4,29.5,
2124,Broc,La Gruyère,1.04,2848.0,132.0,4.6,19.1,,,20.0,39.3,20.9,19.1,
2328,Granges (Veveyse),La Veveyse,3.49,977.0,44.0,4.5,26.6,,,19.6,38.5,28.3,26.6,
5483,Ferreyres,Morges,2.6,309.0,8.0,2.6,41.2,6086.0,estimé (voisinage),8.8,22.2,80.7,41.2,89.2
5559,Giez,Jura-Nord vaudois,1.37,464.0,28.0,6.0,45.7,8333.0,indicative (1-4),17.0,51.3,36.7,45.7,79.4
5611,Savigny,Lavaux-Oron,3.46,3517.0,181.0,5.1,40.0,10422.0,indicative (1-4),9.3,43.6,80.0,40.0,70.3
5650,Vaux-sur-Morges,Morges,3.13,185.0,13.0,7.0,55.2,14471.0,estimé (voisinage),8.8,59.8,81.8,55.2,52.6
5817,Grandcour,Broye-Vully,3.47,976.0,46.0,4.7,30.3,7882.0,estimé (voisinage),17.0,40.2,41.3,30.3,81.3
5842,Rossinière,Riviera-Pays-d'Enhaut,4.61,499.0,33.0,6.6,12.9,7828.0,estimé (voisinage),17.4,56.4,41.8,12.9,81.6
5932,Ursins,Jura-Nord vaudois,4.39,232.0,13.0,5.6,32.2,5106.0,annonces (surface estimée),17.0,47.9,43.3,32.2,93.5
6611,Chancy,Genève,3.68,1664.0,39.0,2.3,22.5,,,12.4,19.7,64.9,22.5,
2044,Surpierre,La Broye,3.21,1220.0,56.0,4.6,19.5,,,14.5,39.3,53.3,19.5,
2045,Vallon,La Broye,2.58,534.0,15.0,2.8,25.3,,,14.5,23.9,51.9,25.3,
2102,Ursy,La Glâne,3.55,3502.0,138.0,3.9,36.4,,,20.2,33.3,25.4,36.4,
2115,Torny,La Glâne,5.68,1095.0,30.0,2.7,26.4,,,20.2,23.1,30.0,26.4,
2128,Châtel-sur-Montsalvens,La Gruyère,1.09,358.0,12.0,3.4,34.4,,,20.0,29.1,21.0,34.4,
2163,Val-de-Charmey,La Gruyère,3.57,2729.0,186.0,6.8,19.0,,,20.0,58.1,26.4,19.0,
2235,La Sonnaz,La Sarine,2.72,1458.0,37.0,2.5,40.8,,,19.1,21.4,29.1,40.8,
2296,Heitenried,Sense,3.07,1404.0,71.0,5.1,38.3,,,14.4,43.6,53.5,38.3,
2300,Plasselb,Sense,4.54,1088.0,62.0,5.7,17.8,,,14.4,48.7,56.7,17.8,
2301,Rechthalten,Sense,2.78,1165.0,73.0,6.3,29.9,,,14.4,53.8,52.9,29.9,
2309,Wünnewil-Flamatt,Sense,6.05,5814.0,270.0,4.6,30.5,,,14.4,39.3,60.0,30.5,
2391,Staatswald Galm,See,1.64,,,,,,,15.1,,46.9,,
5422,Aubonne,Morges,5.17,3856.0,217.0,5.6,39.2,7202.0,solide (5+),8.8,47.9,86.3,39.2,84.3
5458,Faoug,Broye-Vully,2.17,895.0,29.0,3.2,44.0,9182.0,indicative (1-4),17.0,27.4,38.5,44.0,75.7
5586,Lausanne,Lausanne,0.31,144873.0,6992.0,4.8,14.2,12503.0,solide (5+),15.6,41.0,41.4,14.2,61.2
5587,Le Mont-sur-Lausanne,Lausanne,0.81,9531.0,501.0,5.3,38.2,11343.0,indicative (1-4),15.6,45.3,42.5,38.2,66.3
5632,Denges,Morges,1.62,1830.0,52.0,2.8,47.0,16377.0,indicative (1-4),8.8,23.9,78.5,47.0,44.3
5642,Morges,Morges,2.43,17701.0,1273.0,7.2,37.0,9850.0,indicative (1-4),8.8,61.5,80.3,37.0,72.8
5675,Lucens,Broye-Vully,0.45,4736.0,190.0,4.0,25.3,8077.0,indicative (1-4),17.0,34.2,34.7,25.3,80.5
5680,Ogens,Gros-de-Vaud,2.64,341.0,11.0,3.2,27.5,5367.0,annonces (surface estimée),14.0,27.4,54.6,27.5,92.3
5706,Borex,Nyon,4.01,1146.0,59.0,5.1,68.5,11333.0,indicative (1-4),11.0,43.6,72.7,68.5,66.3
5720,Givrins,Nyon,5.14,1068.0,46.0,4.3,56.3,9938.0,indicative (1-4),11.0,36.8,75.1,56.3,72.4
5908,Chêne-Pâquier,Jura-Nord vaudois,3.54,173.0,7.0,4.0,32.7,6551.0,estimé (voisinage),17.0,34.2,41.5,32.7,87.2
5935,Villars-Epeney,Jura-Nord vaudois,2.9,108.0,1.0,0.9,45.1,7331.0,estimé (voisinage),17.0,7.7,40.1,45.1,83.8
6639,Soral,Genève,0.79,942.0,86.0,9.1,44.4,,,12.4,77.8,58.6,44.4,
5425,Bière,Morges,8.68,1669.0,90.0,5.4,31.8,8969.0,indicative (1-4),8.8,46.2,94.0,31.8,76.6
5484,Gollion,Morges,0.41,1066.0,39.0,3.7,38.5,9052.0,indicative (1-4),8.8,31.6,75.9,38.5,76.2
5495,Penthalaz,Gros-de-Vaud,0.47,3169.0,215.0,6.8,31.3,7759.0,annonces (surface estimée),14.0,58.1,49.9,31.3,81.9
5522,Fey,Gros-de-Vaud,2.62,789.0,31.0,3.9,38.2,8927.0,indicative (1-4),14.0,33.3,54.5,38.2,76.8
5592,Romanel-sur-Lausanne,Lausanne,0.56,4321.0,189.0,4.4,34.6,8924.0,annonces (surface estimée),15.6,37.6,42.0,34.6,76.8
5637,Lavigny,Morges,6.25,1099.0,27.0,2.5,30.3,8839.0,solide (5+),8.8,21.4,88.6,30.3,77.2
5646,Saint-Prex,Morges,5.8,5865.0,240.0,4.1,55.4,12439.0,indicative (1-4),8.8,35.0,87.7,55.4,61.5
5716,Eysins,Nyon,2.21,1774.0,78.0,4.4,68.0,11124.0,estimé (voisinage),11.0,37.6,68.8,68.0,67.2
5830,Villarzel,Broye-Vully,3.48,523.0,21.0,4.0,28.3,5949.0,estimé (voisinage),17.0,34.2,41.3,28.3,89.8
5854,Burtigny,Nyon,3.9,401.0,16.0,4.0,30.8,11143.0,indicative (1-4),11.0,34.2,72.4,30.8,67.1
5904,Chamblon,Jura-Nord vaudois,2.53,554.0,19.0,3.4,50.0,5986.0,estimé (voisinage),17.0,29.1,39.2,50.0,89.6
5913,Donneloye,Jura-Nord vaudois,5.45,916.0,40.0,4.4,29.8,6551.0,indicative (1-4),17.0,37.6,45.6,29.8,87.2
5921,Molondin,Jura-Nord vaudois,3.5,269.0,10.0,3.7,15.7,4322.0,indicative (1-4),17.0,31.6,41.4,15.7,96.9
6603,Avully,Genève,1.18,1746.0,70.0,4.0,18.4,,,12.4,34.2,59.5,18.4,
6630,Meyrin,Genève,0.9,27059.0,1476.0,5.5,24.4,,,12.4,47.0,58.8,24.4,
2050,Les Montets,La Broye,3.95,1572.0,53.0,3.4,33.7,,,14.5,29.1,54.9,33.7,
2233,Hauterive (FR),La Sarine,1.72,2694.0,100.0,3.7,38.5,,,19.1,31.6,26.9,38.5,
2276,Ried bei Kerzers,See,2.85,1237.0,61.0,4.9,42.5,,,15.1,41.9,49.5,42.5,
2145,Le Pâquier (FR),La Gruyère,2.42,1386.0,48.0,3.5,37.4,,,20.0,29.9,23.9,37.4,
2194,Ferpicloz,La Sarine,0.63,248.0,8.0,3.2,55.1,,,19.1,27.4,24.5,55.1,
2228,Villars-sur-Glâne,La Sarine,0.43,12507.0,652.0,5.2,44.9,,,19.1,44.4,24.1,44.9,
2305,Schmitten (FR),Sense,3.1,4285.0,244.0,5.7,38.6,,,14.4,48.7,53.6,38.6,
5435,Saint-Livres,Morges,5.6,715.0,32.0,4.5,39.5,8839.0,estimé (voisinage),8.8,38.5,87.2,39.5,77.2
5477,Cossonay,Morges,1.65,4893.0,166.0,3.4,40.0,6353.0,annonces (surface estimée),8.8,29.1,78.6,40.0,88.0
5488,Mauraz,Morges,2.06,67.0,1.0,1.5,57.4,7927.0,estimé (voisinage),8.8,12.8,79.5,57.4,81.2
5491,Mont-la-Ville,Morges,4.01,496.0,21.0,4.2,37.5,7239.0,annonces (surface estimée),8.8,35.9,83.8,37.5,84.2
5492,Montricher,Morges,3.97,943.0,38.0,4.0,46.6,7927.0,annonces (surface estimée),8.8,34.2,83.7,46.6,81.2
5493,Orny,Morges,1.42,497.0,25.0,5.0,30.2,6086.0,indicative (1-4),8.8,42.7,78.1,30.2,89.2
5498,La Sarraz,Morges,0.56,2615.0,114.0,4.4,33.7,8042.0,indicative (1-4),8.8,37.6,76.2,33.7,80.7
5560,Grandevent,Jura-Nord vaudois,1.73,241.0,11.0,4.6,49.0,8333.0,estimé (voisinage),17.0,39.3,37.5,49.0,79.4
5624,Bussigny,Ouest lausannois,1.77,11632.0,371.0,3.2,47.0,9496.0,indicative (1-4),18.1,27.4,32.1,47.0,74.3
5638,Lonay,Morges,1.05,2734.0,260.0,9.5,65.0,9158.0,annonces (surface estimée),8.8,81.2,77.3,65.0,75.8
5690,Villars-le-Comte,Broye-Vully,2.95,132.0,6.0,4.5,39.7,3606.0,indicative (1-4),17.0,38.5,40.2,39.7,100.0
5692,Vucherens,Broye-Vully,4.15,621.0,28.0,4.5,33.8,8276.0,estimé (voisinage),17.0,38.5,42.8,33.8,79.6
5707,Chavannes-de-Bogis,Nyon,6.22,1384.0,44.0,3.2,75.4,10183.0,indicative (1-4),11.0,27.4,77.5,75.4,71.3
5798,Ropraz,Broye-Vully,3.34,530.0,19.0,3.6,26.9,8276.0,annonces (surface estimée),17.0,30.8,41.0,26.9,79.6
5853,Bursins,Nyon,2.8,814.0,37.0,4.5,42.9,10000.0,indicative (1-4),11.0,38.5,70.0,42.9,72.1
6606,Bellevue,Genève,0.93,4105.0,128.0,3.1,37.0,,,12.4,26.5,58.9,37.0,
6608,Carouge (GE),Genève,0.17,22488.0,1093.0,4.9,28.5,,,12.4,41.9,57.3,28.5,
6615,Collex-Bossy,Genève,2.96,1666.0,85.0,5.1,33.2,,,12.4,43.6,63.3,33.2,
6623,Le Grand-Saconnex,Genève,0.53,13062.0,685.0,5.2,20.2,,,12.4,44.4,58.0,20.2,
5406,Lavey-Morcles,Aigle,2.89,1015.0,48.0,4.7,24.4,9200.0,estimé (voisinage),23.7,40.2,6.3,24.4,75.6
5590,Pully,Lavaux-Oron,1.95,19538.0,1654.0,8.5,55.0,13355.0,solide (5+),9.3,72.6,76.7,55.0,57.5
5653,Vufflens-le-Château,Morges,2.62,837.0,54.0,6.5,76.2,14471.0,estimé (voisinage),8.8,55.6,80.7,76.2,52.6
5743,Arnex-sur-Orbe,Jura-Nord vaudois,3.81,694.0,23.0,3.3,34.9,6832.0,estimé (voisinage),17.0,28.2,42.0,34.9,85.9
5746,Bavois,Jura-Nord vaudois,1.48,1041.0,23.0,2.2,32.7,4146.0,estimé (voisinage),17.0,18.8,37.0,32.7,97.6
5763,Valeyres-sous-Rances,Jura-Nord vaudois,3.07,578.0,18.0,3.1,39.2,5986.0,estimé (voisinage),17.0,26.5,40.4,39.2,89.6
5872,Le Chenit,Jura-Nord vaudois,3.57,4753.0,366.0,7.7,45.5,5190.0,indicative (1-4),17.0,65.8,41.5,45.5,93.1
5892,Blonay - Saint-Légier,Riviera-Pays-d'Enhaut,1.39,12464.0,824.0,6.6,44.5,12458.0,solide (5+),17.4,56.4,34.7,44.5,61.4
5907,Chavannes-le-Chêne,Jura-Nord vaudois,2.85,322.0,15.0,4.7,26.9,7331.0,estimé (voisinage),17.0,40.2,39.9,26.9,83.8
5911,Cuarny,Jura-Nord vaudois,2.16,241.0,9.0,3.7,35.5,6714.0,estimé (voisinage),17.0,31.6,38.4,35.5,86.4
5919,Mathod,Jura-Nord vaudois,4.77,725.0,26.0,3.6,30.8,6832.0,estimé (voisinage),17.0,30.8,44.1,30.8,85.9
6637,Russin,Genève,1.11,543.0,28.0,5.2,51.0,,,12.4,44.4,59.3,51.0,
2035,Nuvilly,La Broye,4.58,498.0,12.0,2.4,22.8,,,14.5,20.5,56.3,22.8,
2068,Châtonnaye,La Glâne,4.25,860.0,44.0,5.1,25.3,,,20.2,43.6,26.9,25.3,
2266,Kleinbösingen,See,2.16,705.0,20.0,2.8,53.0,,,15.1,23.9,48.0,53.0,
5430,Marchissy,Nyon,7.7,508.0,12.0,2.4,31.8,10025.0,estimé (voisinage),11.0,20.5,80.7,31.8,72.0
5496,Penthaz,Gros-de-Vaud,1.78,1945.0,78.0,4.0,42.2,8750.0,indicative (1-4),14.0,34.2,52.7,42.2,77.6
5728,Signy-Avenex,Nyon,1.89,608.0,40.0,6.6,65.5,10987.0,estimé (voisinage),11.0,56.4,68.1,65.5,67.8
5729,Tannay,Nyon,2.83,1746.0,97.0,5.6,61.5,19095.0,annonces (surface estimée),11.0,47.9,70.1,61.5,32.4
5805,Oron,Lavaux-Oron,4.51,6341.0,308.0,4.9,31.4,6814.0,solide (5+),9.3,41.9,82.3,31.4,86.0
5828,Treytorrens (Payerne),Broye-Vully,4.56,108.0,5.0,4.6,,5437.0,estimé (voisinage),17.0,39.3,43.7,,92.0
5831,Valbroye,Broye-Vully,2.17,3425.0,180.0,5.3,27.7,5437.0,indicative (1-4),17.0,45.3,38.5,27.7,92.0
5841,Château-d'Oex,Riviera-Pays-d'Enhaut,3.28,3653.0,269.0,7.4,8.6,7828.0,solide (5+),17.4,63.2,38.9,8.6,81.6
5862,Tartegnin,Nyon,0.43,235.0,12.0,5.1,27.7,11028.0,indicative (1-4),11.0,43.6,64.9,27.7,67.6
5871,L'Abbaye,Jura-Nord vaudois,6.25,1541.0,88.0,5.7,20.3,5447.0,indicative (1-4),17.0,48.7,47.4,20.3,92.0
5891,Veytaux,Riviera-Pays-d'Enhaut,1.7,1038.0,66.0,6.4,36.0,8597.0,indicative (1-4),17.4,54.7,35.4,36.0,78.2
5925,Orzens,Jura-Nord vaudois,4.48,214.0,12.0,5.6,22.7,8213.0,estimé (voisinage),17.0,47.9,43.5,22.7,79.9
6604,Avusy,Genève,2.54,1412.0,75.0,5.3,30.0,,,12.4,45.3,62.4,30.0,
6625,Hermance,Genève,1.04,1246.0,84.0,6.7,29.3,,,12.4,57.3,59.1,29.3,
2087,Mézières (FR),La Glâne,2.45,1163.0,47.0,4.0,24.9,,,20.2,34.2,23.0,24.9,
2177,Chénens,La Sarine,3.08,886.0,26.0,2.9,28.6,,,19.1,24.8,29.9,28.6,
2278,Ulmiz,See,0.33,425.0,17.0,4.0,32.5,,,15.1,34.2,44.0,32.5,
2284,Mont-Vully,See,0.97,4561.0,243.0,5.3,56.4,,,15.1,45.3,45.4,56.4,
2335,Saint-Martin (FR),La Veveyse,1.91,1043.0,36.0,3.5,27.5,,,19.6,29.9,24.8,27.5,
2041,Saint-Aubin (FR),La Broye,3.93,2030.0,75.0,3.7,34.7,,,14.5,31.6,54.9,34.7,
2153,Sorens,La Gruyère,2.08,1103.0,39.0,3.5,37.2,,,20.0,29.9,23.2,37.2,
2183,Corminboeuf,La Sarine,1.98,3029.0,102.0,3.4,51.3,,,19.1,29.1,27.5,51.3,
2272,Misery-Courtion,See,3.16,2404.0,72.0,3.0,28.3,,,15.1,25.6,50.2,28.3,
2304,St. Ursen,Sense,2.74,1419.0,78.0,5.5,33.9,,,14.4,47.0,52.8,33.9,
5408,Noville,Aigle,3.57,1215.0,57.0,4.7,27.8,6701.0,indicative (1-4),23.7,40.2,7.8,27.8,86.5
5480,Daillens,Gros-de-Vaud,2.83,1097.0,29.0,2.6,58.2,4261.0,indicative (1-4),14.0,22.2,55.0,58.2,97.1
5489,Mex (VD),Gros-de-Vaud,2.81,807.0,41.0,5.1,59.4,10847.0,indicative (1-4),14.0,43.6,55.0,59.4,68.4
5523,Froideville,Gros-de-Vaud,5.53,2729.0,96.0,3.5,42.1,6946.0,indicative (1-4),14.0,29.9,60.9,42.1,85.4
5610,Saint-Saphorin (Lavaux),Lavaux-Oron,2.47,387.0,13.0,3.4,,11439.0,estimé (voisinage),9.3,29.1,77.9,,65.8
5661,Boulens,Gros-de-Vaud,1.5,368.0,15.0,4.1,36.8,8067.0,estimé (voisinage),14.0,35.0,52.1,36.8,80.5
5723,Mies,Nyon,1.84,2180.0,130.0,6.0,58.9,11667.0,indicative (1-4),11.0,51.3,67.9,58.9,64.8
5732,Vich,Nyon,1.88,1182.0,35.0,3.0,63.5,10903.0,indicative (1-4),11.0,25.6,68.0,63.5,68.2
5764,Vallorbe,Jura-Nord vaudois,10.13,4319.0,206.0,4.8,23.8,6253.0,indicative (1-4),17.0,41.0,55.8,23.8,88.5
6616,Collonge-Bellerive,Genève,0.47,8643.0,588.0,6.8,66.0,,,12.4,58.1,57.9,66.0,
6633,Plan-les-Ouates,Genève,0.2,12186.0,529.0,4.3,46.1,,,12.4,36.8,57.3,46.1,
6635,Presinge,Genève,0.31,708.0,64.0,9.0,25.2,,,12.4,76.9,57.6,25.2,
6641,Troinex,Genève,1.53,3145.0,151.0,4.8,38.7,,,12.4,41.0,60.2,38.7,
5511,Assens,Gros-de-Vaud,2.82,1717.0,64.0,3.7,45.7,8750.0,estimé (voisinage),14.0,31.6,55.0,45.7,77.6
5529,Oulens-sous-Echallens,Gros-de-Vaud,2.66,603.0,17.0,2.8,46.9,4261.0,estimé (voisinage),14.0,23.9,54.6,46.9,97.1
2123,Botterens,La Gruyère,2.13,759.0,19.0,2.5,30.5,,,20.0,21.4,23.3,30.5,
2293,Düdingen,Sense,1.17,9116.0,547.0,6.0,33.5,,,14.4,51.3,49.4,33.5,
2303,St. Silvester,Sense,2.65,1064.0,56.0,5.3,19.4,,,14.4,45.3,52.6,19.4,
5622,Bremblens,Morges,2.37,614.0,23.0,3.7,52.7,8346.0,annonces (surface estimée),8.8,31.6,80.2,52.7,79.3
5663,Bussy-sur-Moudon,Broye-Vully,2.47,262.0,9.0,3.4,29.4,6846.0,estimé (voisinage),17.0,29.1,39.1,29.4,85.9
5678,Moudon,Broye-Vully,0.57,6646.0,271.0,4.1,20.2,6846.0,solide (5+),17.0,35.0,35.0,20.2,85.9
5708,Chavannes-des-Bois,Nyon,4.17,983.0,30.0,3.1,67.1,6726.0,indicative (1-4),11.0,26.5,73.0,67.1,86.4
5731,Le Vaud,Nyon,6.4,1367.0,47.0,3.4,47.5,10025.0,solide (5+),11.0,29.1,77.9,47.5,72.0
5758,La Praz,Jura-Nord vaudois,5.76,207.0,7.0,3.4,17.5,3692.0,indicative (1-4),17.0,29.1,46.3,17.5,99.6
5759,Premier,Jura-Nord vaudois,7.52,228.0,13.0,5.7,21.2,6253.0,estimé (voisinage),17.0,48.7,50.1,21.2,88.5
5790,Maracon,Lavaux-Oron,3.6,569.0,20.0,3.5,37.5,10936.0,estimé (voisinage),9.3,29.9,80.3,37.5,68.0
5861,Rolle,Nyon,2.57,6540.0,391.0,6.0,49.2,16036.0,solide (5+),11.0,51.3,69.5,49.2,45.8
6601,Aire-la-Ville,Genève,2.46,1173.0,52.0,4.4,32.8,,,12.4,37.6,62.3,32.8,
6609,Cartigny,Genève,1.97,1050.0,46.0,4.4,56.9,,,12.4,37.6,61.2,56.9,
6624,Gy,Genève,3.81,553.0,22.0,4.0,39.3,,,12.4,34.2,65.2,39.3,
5541,Goumoëns,Gros-de-Vaud,0.12,1206.0,67.0,5.6,38.7,3667.0,indicative (1-4),14.0,47.9,49.1,38.7,99.7
5591,Renens (VD),Ouest lausannois,0.47,21541.0,964.0,4.5,13.2,9023.0,indicative (1-4),18.1,38.5,29.2,13.2,76.4
5639,Lully (VD),Morges,2.82,836.0,36.0,4.3,77.7,10604.0,indicative (1-4),8.8,36.8,81.2,77.7,69.5
5718,Genolier,Nyon,4.27,2012.0,109.0,5.4,79.8,11518.0,indicative (1-4),11.0,46.2,73.2,79.8,65.5
5722,Grens,Nyon,2.88,391.0,21.0,5.4,58.8,11333.0,estimé (voisinage),11.0,46.2,70.2,58.8,66.3
5856,Essertines-sur-Rolle,Nyon,1.86,785.0,18.0,2.3,59.7,12244.0,indicative (1-4),11.0,19.7,68.0,59.7,62.3
6618,Confignon,Genève,0.57,4553.0,278.0,6.1,31.8,,,12.4,52.1,58.1,31.8,
6640,Thônex,Genève,0.35,16809.0,982.0,5.8,20.1,,,12.4,49.6,57.6,20.1,
6645,Veyrier,Genève,0.88,12085.0,894.0,7.4,43.1,,,12.4,63.2,58.8,43.1,
2067,Le Châtelard,La Glâne,5.36,364.0,20.0,5.5,17.4,,,20.2,47.0,29.3,17.4,
2275,Murten,See,0.0,9552.0,599.0,6.3,48.3,,,15.1,53.8,43.3,48.3,
2337,Le Flon,La Veveyse,1.55,1211.0,47.0,3.9,19.2,,,19.6,33.3,24.0,19.2,
2130,Crésuz,La Gruyère,0.24,486.0,29.0,6.0,44.3,,,20.0,51.3,19.1,44.3,
2308,Ueberstorf,Sense,6.81,2433.0,143.0,5.9,33.4,,,14.4,50.4,61.7,33.4,
6620,Dardagny,Genève,2.13,1828.0,109.0,6.0,20.2,,,12.4,51.3,61.5,20.2,
5412,Rennaz,Aigle,3.0,949.0,40.0,4.2,35.0,6701.0,estimé (voisinage),23.7,35.9,6.6,35.0,86.5
5431,Mollens (VD),Morges,5.93,324.0,14.0,4.3,25.4,8969.0,estimé (voisinage),8.8,36.8,87.9,25.4,76.6
5464,Vully-les-Lacs,Broye-Vully,3.96,3627.0,183.0,5.0,41.2,6873.0,solide (5+),17.0,42.7,42.4,41.2,85.8
5415,Yvorne,Aigle,2.83,1109.0,53.0,4.8,31.6,6429.0,indicative (1-4),23.7,41.0,6.2,31.6,87.7
5490,Moiry,Morges,4.53,300.0,10.0,3.3,31.8,5350.0,estimé (voisinage),8.8,28.2,84.9,31.8,92.4
5518,Echallens,Gros-de-Vaud,0.33,6719.0,297.0,4.4,30.8,8750.0,solide (5+),14.0,37.6,49.5,30.8,77.6
5520,Essertines-sur-Yverdon,Gros-de-Vaud,5.62,1142.0,34.0,3.0,40.5,8213.0,indicative (1-4),14.0,25.6,61.1,40.5,79.9
5555,Corcelles-près-Concise,Jura-Nord vaudois,0.44,434.0,33.0,7.6,37.3,7075.0,estimé (voisinage),17.0,65.0,34.7,37.3,84.9
5585,Jouxtens-Mézery,Lausanne,1.11,1478.0,102.0,6.9,68.5,14662.0,annonces (surface estimée),15.6,59.0,43.2,68.5,51.8
5623,Buchillon,Morges,8.23,686.0,43.0,6.3,76.8,10769.0,estimé (voisinage),8.8,53.8,93.0,76.8,68.8
5629,Clarmont,Morges,1.62,228.0,8.0,3.5,37.5,9904.0,estimé (voisinage),8.8,29.9,78.5,37.5,72.5
5634,Echichens,Morges,3.26,3222.0,240.0,7.4,50.3,9904.0,indicative (1-4),8.8,63.2,82.1,50.3,72.5
5714,Crassier,Nyon,5.0,1275.0,50.0,3.9,49.8,11869.0,indicative (1-4),11.0,33.3,74.8,49.8,64.0
5745,Baulmes,Jura-Nord vaudois,3.59,1165.0,53.0,4.5,22.1,5209.0,estimé (voisinage),17.0,38.5,41.6,22.1,93.0
5754,Juriens,Jura-Nord vaudois,7.07,348.0,13.0,3.7,23.2,6253.0,estimé (voisinage),17.0,31.6,49.2,23.2,88.5
5816,Corcelles-près-Payerne,Broye-Vully,7.27,2982.0,117.0,3.9,34.7,4006.0,indicative (1-4),17.0,33.3,49.6,34.7,98.3
5889,La Tour-de-Peilz,Riviera-Pays-d'Enhaut,1.27,12812.0,891.0,7.0,39.6,10340.0,solide (5+),17.4,59.8,34.5,39.6,70.6
5923,Oppens,Gros-de-Vaud,3.03,202.0,8.0,4.0,29.2,8067.0,estimé (voisinage),14.0,34.2,55.4,29.2,80.5
5931,Treycovagnes,Jura-Nord vaudois,2.6,515.0,21.0,4.1,34.7,8455.0,estimé (voisinage),17.0,35.0,39.4,34.7,78.9
5937,Vugelles-La Mothe,Jura-Nord vaudois,2.06,146.0,6.0,4.1,35.5,8333.0,estimé (voisinage),17.0,35.0,38.2,35.5,79.4
5938,Yverdon-les-Bains,Jura-Nord vaudois,0.89,30292.0,1817.0,6.0,16.9,8455.0,solide (5+),17.0,51.3,35.7,16.9,78.9
2038,Prévondavaux,La Broye,4.08,113.0,4.0,3.5,12.0,,,14.5,29.9,55.2,12.0,
2186,Cottens (FR),La Sarine,0.15,1529.0,80.0,5.2,32.8,,,19.1,44.4,23.5,32.8,
5409,Ollon,Aigle,1.25,8221.0,380.0,4.6,32.9,9669.0,solide (5+),23.7,39.3,2.7,32.9,73.6
5472,Bournens,Gros-de-Vaud,0.71,531.0,20.0,3.8,54.1,8750.0,estimé (voisinage),14.0,32.5,50.4,54.1,77.6
5486,L'Isle,Morges,1.04,1094.0,49.0,4.5,22.7,7239.0,estimé (voisinage),8.8,38.5,77.3,22.7,84.2
5621,Aclens,Morges,1.91,585.0,20.0,3.4,55.2,9052.0,estimé (voisinage),8.8,29.1,79.2,55.2,76.2
5669,Curtilles,Broye-Vully,1.06,308.0,9.0,2.9,27.1,5634.0,indicative (1-4),17.0,24.8,36.0,27.1,91.2
5710,Coinsins,Nyon,2.56,519.0,24.0,4.6,79.4,10903.0,estimé (voisinage),11.0,39.3,69.5,79.4,68.2
5711,Commugny,Nyon,4.35,2973.0,165.0,5.5,61.6,11477.0,indicative (1-4),11.0,47.0,73.4,61.6,65.7
5721,Gland,Nyon,1.44,13987.0,490.0,3.5,50.4,9727.0,solide (5+),11.0,29.9,67.1,50.4,73.3
5760,Rances,Jura-Nord vaudois,5.55,509.0,23.0,4.5,26.2,4824.0,annonces (surface estimée),17.0,38.5,45.8,26.2,94.7
5851,Allaman,Morges,6.06,430.0,18.0,4.2,41.4,16036.0,estimé (voisinage),8.8,35.9,88.2,41.4,45.8
5890,Vevey,Riviera-Pays-d'Enhaut,1.5,20142.0,982.0,4.9,16.9,9939.0,solide (5+),17.4,41.9,35.0,16.9,72.4
6643,Vernier,Genève,1.03,37837.0,1815.0,4.8,4.9,,,12.4,41.0,59.1,4.9,
2148,Riaz,La Gruyère,1.81,2932.0,111.0,3.8,42.3,,,20.0,32.5,22.6,42.3,
2162,Bas-Intyamon,La Gruyère,3.58,1726.0,57.0,3.3,29.1,,,20.0,28.2,26.4,29.1,
2216,Pierrafortscha,La Sarine,1.88,150.0,8.0,5.3,26.1,,,19.1,45.3,27.3,26.1,
2257,Cressier (FR),See,3.11,1109.0,35.0,3.2,48.1,,,15.1,27.4,50.1,48.1,
2292,Brünisried,Sense,1.89,724.0,22.0,3.0,30.2,,,14.4,25.6,50.9,30.2,
5403,Chessel,Aigle,3.9,527.0,23.0,4.4,32.4,6701.0,estimé (voisinage),23.7,37.6,8.5,32.4,86.5
5485,Grancy,Morges,1.53,538.0,22.0,4.1,45.4,9052.0,estimé (voisinage),8.8,35.0,78.3,45.4,76.2
5551,Bonvillars,Jura-Nord vaudois,2.68,517.0,22.0,4.3,45.1,7905.0,indicative (1-4),17.0,36.8,39.6,45.1,81.2
5561,Grandson,Jura-Nord vaudois,3.49,3390.0,151.0,4.5,31.7,7923.0,solide (5+),17.0,38.5,41.3,31.7,81.2
5568,Sainte-Croix,Jura-Nord vaudois,0.63,5139.0,408.0,7.9,17.6,5209.0,solide (5+),17.0,67.5,35.1,17.6,93.0
5589,Prilly,Ouest lausannois,0.6,12758.0,802.0,6.3,23.0,11557.0,indicative (1-4),18.1,53.8,29.5,23.0,65.3
5628,Chigny,Morges,1.63,420.0,7.0,1.7,49.5,14471.0,annonces (surface estimée),8.8,14.5,78.6,49.5,52.6
5741,L'Abergement,Jura-Nord vaudois,6.47,270.0,11.0,4.1,30.5,6832.0,estimé (voisinage),17.0,35.0,47.9,30.5,85.9
5747,Bofflens,Jura-Nord vaudois,3.83,200.0,7.0,3.5,43.2,6832.0,estimé (voisinage),17.0,29.9,42.1,43.2,85.9
5803,Vulliens,Broye-Vully,3.99,628.0,24.0,3.8,33.0,5865.0,annonces (surface estimée),17.0,32.5,42.4,33.0,90.1
6636,Puplinge,Genève,2.06,2628.0,157.0,6.0,28.1,,,12.4,51.3,61.4,28.1,
2099,Siviriez,La Glâne,4.77,2675.0,101.0,3.8,25.1,,,20.2,32.5,28.0,25.1,
2134,Grandvillard,La Gruyère,3.4,903.0,37.0,4.1,33.2,,,20.0,35.0,26.0,33.2,
2143,Morlon,La Gruyère,2.83,771.0,30.0,3.9,30.0,,,20.0,33.3,24.8,30.0,
2206,Marly,La Sarine,0.62,9242.0,576.0,6.2,20.6,,,19.1,53.0,24.5,20.6,
2238,Bois-d'Amont,La Sarine,2.94,2422.0,97.0,4.0,33.1,,,19.1,34.2,29.6,33.1,
2271,Meyriez,See,3.39,569.0,39.0,6.9,64.6,,,15.1,59.0,50.7,64.6,
5407,Leysin,Aigle,1.21,3659.0,139.0,3.8,10.9,6389.0,indicative (1-4),23.7,32.5,2.6,10.9,87.9
5437,Saubraz,Morges,5.77,447.0,9.0,2.0,29.7,8120.0,estimé (voisinage),8.8,17.1,87.6,29.7,80.3
5475,Chavannes-le-Veyron,Morges,0.5,160.0,1.0,0.6,37.8,6353.0,estimé (voisinage),8.8,5.1,76.1,37.8,88.0
5514,Bottens,Gros-de-Vaud,3.63,1354.0,44.0,3.2,39.4,6946.0,estimé (voisinage),14.0,27.4,56.8,39.4,85.4
5554,Concise,Jura-Nord vaudois,2.37,1025.0,34.0,3.3,35.1,7075.0,annonces (surface estimée),17.0,28.2,38.9,35.1,84.9
5571,Tévenon,Jura-Nord vaudois,2.08,862.0,56.0,6.5,35.9,7977.0,indicative (1-4),17.0,55.6,38.3,35.9,80.9
5655,Yens,Morges,3.57,1498.0,68.0,4.5,48.2,9944.0,estimé (voisinage),8.8,38.5,82.8,48.2,72.4
5674,Lovatens,Broye-Vully,2.52,146.0,6.0,4.1,21.4,8077.0,estimé (voisinage),17.0,35.0,39.2,21.4,80.5
5756,Montcherand,Jura-Nord vaudois,2.6,489.0,17.0,3.5,41.2,6832.0,estimé (voisinage),17.0,29.9,39.4,41.2,85.9
5933,Valeyres-sous-Montagny,Jura-Nord vaudois,0.61,707.0,39.0,5.5,38.3,10385.0,solide (5+),17.0,47.0,35.1,38.3,70.4
6610,Céligny,Genève,4.56,862.0,38.0,4.4,41.7,,,12.4,37.6,66.8,41.7,
2055,Cheyres-Châbles,La Broye,1.69,2487.0,101.0,4.1,43.8,,,14.5,35.0,50.0,43.8,
2137,Hauteville,La Gruyère,1.98,744.0,20.0,2.7,32.9,,,20.0,23.1,22.9,32.9,
2174,Avry,La Sarine,2.08,1949.0,76.0,3.9,44.0,,,19.1,33.3,27.7,44.0,
2237,Prez,La Sarine,4.35,2465.0,83.0,3.4,36.2,,,19.1,29.1,32.7,36.2,
2333,Remaufens,La Veveyse,1.53,1427.0,24.0,1.7,31.6,,,19.6,14.5,24.0,31.6,
2113,Vuisternens-devant-Romont,La Glâne,5.63,2383.0,115.0,4.8,23.8,,,20.2,41.0,29.9,23.8,
2152,Sâles,La Gruyère,4.52,1467.0,50.0,3.4,26.8,,,20.0,29.1,28.5,26.8,
5471,Bettens,Gros-de-Vaud,2.54,646.0,11.0,1.7,45.4,5690.0,estimé (voisinage),14.0,14.5,54.4,45.4,90.9
5479,Cuarnens,Morges,2.69,561.0,18.0,3.2,30.7,5350.0,indicative (1-4),8.8,27.4,80.9,30.7,92.4
5521,Etagnières,Gros-de-Vaud,2.63,1191.0,52.0,4.4,38.4,7980.0,estimé (voisinage),14.0,37.6,54.6,38.4,80.9
5582,Cheseaux-sur-Lausanne,Lausanne,0.94,4847.0,265.0,5.5,35.8,7980.0,annonces (surface estimée),15.6,47.0,42.8,35.8,80.9
5604,Forel (Lavaux),Lavaux-Oron,0.73,2087.0,96.0,4.6,41.8,7274.0,annonces (surface estimée),9.3,39.3,74.1,41.8,84.0
5651,Villars-Sainte-Croix,Ouest lausannois,2.72,953.0,38.0,4.0,59.3,8935.0,indicative (1-4),18.1,34.2,34.1,59.3,76.8
5652,Villars-sous-Yens,Morges,5.3,602.0,28.0,4.7,36.8,12914.0,annonces (surface estimée),8.8,40.2,86.6,36.8,59.4
5712,Coppet,Nyon,3.82,3232.0,194.0,6.0,66.7,26533.0,indicative (1-4),11.0,51.3,72.3,66.7,0.0
5724,Nyon,Nyon,0.31,23351.0,1167.0,5.0,49.8,10987.0,solide (5+),11.0,42.7,64.6,49.8,67.8
5725,Prangins,Nyon,2.09,4271.0,242.0,5.7,64.2,10411.0,indicative (1-4),11.0,48.7,68.5,64.2,70.3
5755,Lignerolle,Jura-Nord vaudois,7.57,461.0,17.0,3.7,28.5,7420.0,indicative (1-4),17.0,31.6,50.3,28.5,83.4
5757,Orbe,Jura-Nord vaudois,0.77,7978.0,398.0,5.0,22.1,6832.0,solide (5+),17.0,42.7,35.4,22.1,85.9
5885,Jongny,Riviera-Pays-d'Enhaut,0.37,1928.0,88.0,4.6,49.5,16071.0,annonces (surface estimée),17.4,39.3,32.5,49.5,45.6
5914,Ependes (VD),Jura-Nord vaudois,4.76,379.0,19.0,5.0,28.7,9006.0,indicative (1-4),17.0,42.7,44.1,28.7,76.4
6605,Bardonnex,Genève,1.82,2545.0,136.0,5.3,34.6,,,12.4,45.3,60.9,34.6,
6642,Vandoeuvres,Genève,2.22,3030.0,146.0,4.8,66.9,,,12.4,41.0,61.7,66.9,
2086,Massonnens,La Glâne,5.4,596.0,17.0,2.9,23.4,,,20.2,24.8,29.4,23.4,
2147,Pont-la-Ville,La Gruyère,3.41,606.0,21.0,3.5,41.2,,,20.0,29.9,26.1,41.2,
2149,La Roche,La Gruyère,0.66,1959.0,73.0,3.7,25.8,,,20.0,31.6,20.1,25.8,
2155,Vaulruz,La Gruyère,3.02,1130.0,59.0,5.2,33.8,,,20.0,44.4,25.2,33.8,
2294,Giffers,Sense,1.28,1703.0,87.0,5.1,28.1,,,14.4,43.6,49.6,28.1,
2306,Tafers,Sense,1.83,8026.0,464.0,5.8,37.9,,,14.4,49.6,50.8,37.9,
2307,Tentlingen,Sense,1.06,1382.0,79.0,5.7,28.1,,,14.4,48.7,49.1,28.1,
2321,Attalens,La Veveyse,1.65,3693.0,139.0,3.8,38.1,,,19.6,32.5,24.2,38.1,
5427,Féchy,Morges,4.55,923.0,35.0,3.8,62.0,19032.0,annonces (surface estimée),8.8,32.5,84.9,62.0,32.7
5531,Penthéréaz,Gros-de-Vaud,2.68,430.0,14.0,3.3,31.9,4146.0,estimé (voisinage),14.0,28.2,54.7,31.9,97.6
5556,Fiez,Jura-Nord vaudois,3.11,432.0,18.0,4.2,34.9,7977.0,estimé (voisinage),17.0,35.9,40.5,34.9,80.9
5566,Provence,Jura-Nord vaudois,4.59,409.0,31.0,7.6,7.6,7905.0,estimé (voisinage),17.0,65.0,43.7,7.6,81.2
5613,Bourg-en-Lavaux,Lavaux-Oron,1.14,5464.0,339.0,6.2,55.2,15509.0,solide (5+),9.3,53.0,75.0,55.2,48.1
5627,Chavannes-près-Renens,Ouest lausannois,0.85,9774.0,272.0,2.8,16.1,11420.0,estimé (voisinage),18.1,23.9,30.0,16.1,65.9
5684,Rossenges,Broye-Vully,2.45,91.0,9.0,9.9,45.1,5865.0,estimé (voisinage),17.0,84.6,39.1,45.1,90.1
5785,Corcelles-le-Jorat,Broye-Vully,3.69,499.0,21.0,4.2,26.1,7567.0,annonces (surface estimée),17.0,35.9,41.8,26.1,82.7
5929,Suchy,Jura-Nord vaudois,5.07,663.0,12.0,1.8,43.0,7704.0,indicative (1-4),17.0,15.4,44.8,43.0,82.1
5402,Bex,Aigle,5.44,8841.0,495.0,5.6,21.3,7468.0,solide (5+),23.7,47.9,11.9,21.3,83.2
5424,Berolle,Morges,7.95,303.0,13.0,4.3,26.4,8969.0,estimé (voisinage),8.8,36.8,92.4,26.4,76.6
5426,Bougy-Villars,Morges,3.27,514.0,25.0,4.9,51.2,7450.0,indicative (1-4),8.8,41.9,82.1,51.2,83.2
5609,Rivaz,Lavaux-Oron,2.45,329.0,38.0,11.6,47.6,7857.0,annonces (surface estimée),9.3,99.1,77.8,47.6,81.5
5702,Arzier-Le Muids,Nyon,11.45,2968.0,97.0,3.3,45.1,13456.0,indicative (1-4),11.0,28.2,88.9,45.1,57.0
5730,Trélex,Nyon,3.85,1426.0,75.0,5.3,69.4,6892.0,indicative (1-4),11.0,45.3,72.3,69.4,85.7
5873,Le Lieu,Jura-Nord vaudois,7.1,918.0,60.0,6.5,31.8,6253.0,estimé (voisinage),17.0,55.6,49.2,31.8,88.5
5930,Suscévaz,Jura-Nord vaudois,4.33,234.0,10.0,4.3,36.3,5986.0,estimé (voisinage),17.0,36.8,43.2,36.3,89.6
5934,Valeyres-sous-Ursins,Jura-Nord vaudois,3.27,235.0,18.0,7.7,25.0,7936.0,annonces (surface estimée),17.0,65.8,40.9,25.0,81.1
6607,Bernex,Genève,1.11,11112.0,713.0,6.4,27.1,,,12.4,54.7,59.3,27.1,
6627,Laconnex,Genève,1.85,704.0,45.0,6.4,44.4,,,12.4,54.7,60.9,44.4,
2239,Grolley-Ponthaux,La Sarine,5.68,,,,,,,19.1,,35.6,,
2274,Muntelier,See,1.61,982.0,57.0,5.8,61.9,,,15.1,49.6,46.8,61.9,
2173,Autigny,La Sarine,1.5,840.0,22.0,2.6,24.4,,,19.1,22.2,26.4,24.4,
2053,Belmont-Broye,La Broye,4.29,6148.0,202.0,3.3,31.6,,,14.5,28.2,55.7,31.6,
2122,Pont-en-Ogoz,La Gruyère,3.6,2038.0,81.0,4.0,38.2,,,20.0,34.2,26.5,38.2,
2226,Treyvaux,La Sarine,3.1,1642.0,77.0,4.7,31.7,,,19.1,40.2,29.9,31.7,
5512,Bercher,Gros-de-Vaud,0.31,1344.0,62.0,4.6,23.7,8067.0,estimé (voisinage),14.0,39.3,49.5,23.7,80.5
5527,Morrens (VD),Gros-de-Vaud,2.41,1155.0,60.0,5.2,34.9,7895.0,annonces (surface estimée),14.0,44.4,54.1,34.9,81.3
5530,Pailly,Gros-de-Vaud,2.7,575.0,18.0,3.1,38.7,9225.0,indicative (1-4),14.0,26.5,54.7,38.7,75.5
5534,Rueyres,Gros-de-Vaud,1.28,304.0,17.0,5.6,32.0,8067.0,indicative (1-4),14.0,47.9,51.6,32.0,80.5
5539,Vuarrens,Gros-de-Vaud,4.35,1119.0,26.0,2.3,36.3,7259.0,annonces (surface estimée),14.0,19.7,58.3,36.3,84.1
5671,Dompierre (VD),Broye-Vully,2.83,240.0,9.0,3.8,29.4,9166.0,annonces (surface estimée),17.0,32.5,39.9,29.4,75.7
5765,Vaulion,Jura-Nord vaudois,7.55,488.0,13.0,2.7,12.5,6253.0,estimé (voisinage),17.0,23.1,50.2,12.5,88.5
5799,Servion,Lavaux-Oron,1.14,2228.0,90.0,4.0,43.9,8845.0,solide (5+),9.3,34.2,75.0,43.9,77.1
5884,Corsier-sur-Vevey,Riviera-Pays-d'Enhaut,2.1,3385.0,212.0,6.3,34.2,10936.0,indicative (1-4),17.4,53.8,36.3,34.2,68.0
5912,Démoret,Jura-Nord vaudois,5.22,173.0,9.0,5.2,16.1,6551.0,estimé (voisinage),17.0,44.4,45.1,16.1,87.2
5922,Montagny-près-Yverdon,Jura-Nord vaudois,0.96,780.0,37.0,4.7,46.4,3967.0,indicative (1-4),17.0,40.2,35.8,46.4,98.4
6622,Genthod,Genève,0.9,2861.0,166.0,5.8,64.5,,,12.4,49.6,58.8,64.5,
6629,Meinier,Genève,2.69,2069.0,153.0,7.4,37.4,,,12.4,63.2,62.8,37.4,
5414,Villeneuve (VD),Aigle,3.15,6039.0,299.0,5.0,27.4,11105.0,indicative (1-4),23.7,42.7,6.9,27.4,67.3
5451,Avenches,Broye-Vully,0.28,4875.0,227.0,4.7,32.3,5493.0,annonces (surface estimée),17.0,40.2,34.3,32.3,91.8
5501,Sullens,Gros-de-Vaud,1.29,1226.0,56.0,4.6,55.5,6152.0,annonces (surface estimée),14.0,39.3,51.6,55.5,88.9
5535,Saint-Barthélemy (VD),Gros-de-Vaud,2.51,834.0,26.0,3.1,26.7,5690.0,annonces (surface estimée),14.0,26.5,54.3,26.7,90.9
5563,Mutrux,Jura-Nord vaudois,4.14,145.0,8.0,5.5,11.1,6459.0,annonces (surface estimée),17.0,47.0,42.8,11.1,87.6
5581,Belmont-sur-Lausanne,Lavaux-Oron,2.05,3915.0,176.0,4.5,45.2,10622.0,solide (5+),9.3,38.5,77.0,45.2,69.4
5648,Saint-Sulpice (VD),Ouest lausannois,4.17,5155.0,303.0,5.9,72.6,12443.0,indicative (1-4),18.1,50.4,37.3,72.6,61.5
5654,Vullierens,Morges,2.38,547.0,21.0,3.8,31.3,9485.0,indicative (1-4),8.8,32.5,80.2,31.3,74.4
5683,Prévonloup,Broye-Vully,1.84,230.0,12.0,5.2,34.1,8077.0,estimé (voisinage),17.0,44.4,37.7,34.1,80.5
5688,Syens,Broye-Vully,2.78,151.0,10.0,6.6,39.5,5865.0,estimé (voisinage),17.0,56.4,39.8,39.5,90.1
5727,Saint-Cergue,Nyon,10.2,3009.0,104.0,3.5,40.6,6529.0,indicative (1-4),11.0,29.9,86.2,40.6,87.3
5750,Les Clées,Jura-Nord vaudois,5.33,193.0,10.0,5.2,22.8,6832.0,estimé (voisinage),17.0,44.4,45.4,22.8,85.9
5813,Chevroux,Broye-Vully,2.6,494.0,21.0,4.3,34.1,7882.0,indicative (1-4),17.0,36.8,39.4,34.1,81.3
6619,Corsier (GE),Genève,1.76,2313.0,121.0,5.2,64.4,,,12.4,44.4,60.7,64.4,
6626,Jussy,Genève,2.69,1223.0,81.0,6.6,47.4,,,12.4,56.4,62.8,47.4,
2097,Rue,La Glâne,3.42,1618.0,52.0,3.2,36.4,,,20.2,27.4,25.1,36.4,
2336,Semsales,La Veveyse,3.54,1568.0,55.0,3.5,29.6,,,19.6,29.9,28.4,29.6,
5410,Ormont-Dessous,Aigle,6.41,1242.0,58.0,4.7,12.7,6123.0,indicative (1-4),23.7,40.2,14.0,12.7,89.0
5411,Ormont-Dessus,Aigle,0.85,1433.0,126.0,8.8,20.5,7951.0,indicative (1-4),23.7,75.2,1.9,20.5,81.0
5436,Saint-Oyens,Morges,3.38,457.0,14.0,3.1,42.7,8120.0,annonces (surface estimée),8.8,26.5,82.4,42.7,80.3
5583,Crissier,Ouest lausannois,1.34,10676.0,383.0,3.6,36.6,10423.0,indicative (1-4),18.1,30.8,31.1,36.6,70.3
5649,Tolochenaz,Morges,3.5,1934.0,89.0,4.6,43.8,11185.0,annonces (surface estimée),8.8,39.3,82.6,43.8,66.9
5749,Chavornay,Jura-Nord vaudois,3.47,5440.0,172.0,3.2,33.2,4146.0,indicative (1-4),17.0,27.4,41.3,33.2,97.6
5819,Henniez,Broye-Vully,2.28,469.0,16.0,3.4,26.5,5949.0,estimé (voisinage),17.0,29.1,38.7,26.5,89.8
5903,Bioley-Magnoux,Jura-Nord vaudois,4.25,257.0,13.0,5.1,27.0,6551.0,estimé (voisinage),17.0,43.6,43.0,27.0,87.2
5909,Cheseaux-Noréaz,Jura-Nord vaudois,3.17,736.0,48.0,6.5,54.5,10011.0,indicative (1-4),17.0,55.6,40.6,54.5,72.1
5928,Rovray,Jura-Nord vaudois,1.41,194.0,5.0,2.6,44.5,7331.0,estimé (voisinage),17.0,22.2,36.8,44.5,83.8
6602,Anières,Genève,2.89,2563.0,117.0,4.6,45.2,,,12.4,39.3,63.2,45.2,
2008,Châtillon (FR),La Broye,1.79,528.0,10.0,1.9,53.9,,,14.5,16.2,50.2,53.9,
2043,Sévaz,La Broye,1.53,318.0,11.0,3.5,52.7,,,14.5,29.9,49.6,52.7,
2338,La Verrerie,La Veveyse,1.12,1350.0,48.0,3.6,27.7,,,19.6,30.8,23.1,27.7,
2022,Gletterens,La Broye,1.1,1161.0,41.0,3.5,44.6,,,14.5,29.9,48.7,44.6,
2096,Romont (FR),La Glâne,1.24,6124.0,270.0,4.4,17.7,,,20.2,37.6,20.3,17.7,
2236,Gibloux,La Sarine,0.15,8393.0,250.0,3.0,33.0,,,19.1,25.6,23.5,33.0,
2258,Fräschels,See,2.93,445.0,15.0,3.4,45.4,,,15.1,29.1,49.7,45.4,
2323,Bossonnens,La Veveyse,1.93,1593.0,46.0,2.9,25.3,,,19.6,24.8,24.9,25.3,
5474,La Chaux (Cossonay),Morges,2.27,432.0,21.0,4.9,37.1,6353.0,estimé (voisinage),8.8,41.9,80.0,37.1,88.0
5487,Lussery-Villars,Gros-de-Vaud,2.5,470.0,18.0,3.8,34.8,6353.0,estimé (voisinage),14.0,32.5,54.3,34.8,88.0
5540,Montilliez,Gros-de-Vaud,3.24,1872.0,65.0,3.5,39.2,8750.0,estimé (voisinage),14.0,29.9,55.9,39.2,77.6
5635,Ecublens (VD),Ouest lausannois,0.33,13364.0,667.0,5.0,39.1,11420.0,indicative (1-4),18.1,42.7,28.9,39.1,65.9
5673,Hermenches,Broye-Vully,4.64,373.0,17.0,4.6,23.0,7118.0,estimé (voisinage),17.0,39.3,43.9,23.0,84.7
5703,Bassins,Nyon,9.31,1483.0,55.0,3.7,42.8,10593.0,indicative (1-4),11.0,31.6,84.3,42.8,69.5
5762,Sergey,Jura-Nord vaudois,4.44,133.0,5.0,3.8,31.1,6832.0,estimé (voisinage),17.0,32.5,43.4,31.1,85.9
5902,Belmont-sur-Yverdon,Jura-Nord vaudois,4.68,445.0,16.0,3.6,37.5,7337.0,indicative (1-4),17.0,30.8,43.9,37.5,83.7
5939,Yvonand,Jura-Nord vaudois,1.13,3524.0,215.0,6.1,26.0,7331.0,annonces (surface estimée),17.0,52.1,36.2,26.0,83.8
